Order ID,Amount,Profit,Quantity,Category,Sub-Category,PaymentMode
B-25681,1096.00,658.00,7.00,Electronics,Electronic Games,COD
B-26055,5729.00,64.00,14.00,Furniture,Chairs,EMI
B-25955,2927.00,146.00,8.00,Furniture,Bookcases,EMI
B-26093,2847.00,712.00,8.00,Electronics,Printers,Credit Card
B-25602,2617.00,1151.00,4.00,Electronics,Phones,Credit Card
B-25881,2244.00,247.00,4.00,Clothing,Trousers,Credit Card
B-25696,275.00,-275.00,4.00,Clothing,Saree,COD
B-25687,387.00,-213.00,5.00,Clothing,Saree,UPI
B-25643,50.00,-44.00,2.00,Clothing,Hankerchief,UPI
B-25851,135.00,-54.00,5.00,Clothing,Kurti,COD
B-25703,231.00,-190.00,9.00,Clothing,Hankerchief,COD
B-25887,2125.00,-234.00,6.00,Electronics,Printers,EMI
B-25923,3873.00,-891.00,6.00,Electronics,Phones,Credit Card
B-25756,729.00,-492.00,5.00,Furniture,Bookcases,UPI
B-25761,2188.00,1050.00,5.00,Furniture,Bookcases,Credit Card
B-25655,6.00,-3.00,1.00,Clothing,Hankerchief,UPI
B-25786,1854.00,433.00,5.00,Furniture,Bookcases,Credit Card
B-26095,6.00,1.00,1.00,Clothing,Kurti,UPI
B-25853,2093.00,721.00,5.00,Furniture,Chairs,Credit Card
B-25735,7.00,-1.00,2.00,Clothing,Skirt,UPI
B-25910,1622.00,-624.00,5.00,Furniture,Tables,Credit Card
B-25950,1622.00,95.00,5.00,Electronics,Printers,Credit Card
B-25744,373.00,254.00,6.00,Electronics,Printers,UPI
B-25845,82.00,-33.00,4.00,Clothing,Kurti,COD
B-26001,8.00,2.00,2.00,Clothing,Skirt,UPI
B-25830,1954.00,782.00,3.00,Electronics,Phones,Credit Card
B-25842,1543.00,370.00,8.00,Electronics,Printers,Credit Card
B-25778,1506.00,-266.00,6.00,Electronics,Printers,Credit Card
B-25686,1829.00,-56.00,6.00,Furniture,Tables,Credit Card
B-25754,9.00,-1.00,3.00,Clothing,Skirt,UPI
B-26048,1461.00,202.00,5.00,Furniture,Tables,EMI
B-25816,391.00,113.00,8.00,Clothing,Stole,COD
B-26022,1824.00,1303.00,8.00,Electronics,Phones,Credit Card
B-25883,16.00,-15.00,4.00,Clothing,Hankerchief,UPI
B-26003,1745.00,122.00,2.00,Furniture,Tables,Credit Card
B-26097,663.00,-212.00,5.00,Electronics,Printers,UPI
B-25710,10.00,-1.00,1.00,Clothing,Leggings,UPI
B-25797,1630.00,802.00,5.00,Furniture,Tables,EMI
B-25618,12.00,0.00,2.00,Clothing,Hankerchief,UPI
B-25723,12.00,-7.00,2.00,Clothing,Leggings,UPI
B-25755,1709.00,564.00,3.00,Clothing,Trousers,Credit Card
B-25788,12.00,3.00,1.00,Clothing,Stole,UPI
B-25681,1625.00,-77.00,3.00,Electronics,Phones,EMI
B-25991,13.00,5.00,2.00,Clothing,Hankerchief,UPI
B-25779,1361.00,980.00,3.00,Furniture,Tables,COD
B-25909,1622.00,-448.00,3.00,Electronics,Phones,EMI
B-25943,1547.00,340.00,6.00,Electronics,Accessories,EMI
B-25935,1657.00,460.00,4.00,Furniture,Chairs,Credit Card
B-25613,1603.00,0.00,9.00,Clothing,Saree,Credit Card
B-25729,1549.00,-439.00,4.00,Electronics,Phones,Credit Card
B-25772,1183.00,106.00,4.00,Electronics,Printers,EMI
B-25655,74.00,-123.00,8.00,Clothing,Skirt,UPI
B-25640,1499.00,239.00,13.00,Clothing,Saree,Credit Card
B-25810,1120.00,199.00,6.00,Clothing,Saree,EMI
B-25801,15.00,-2.00,1.00,Clothing,T-shirt,Debit Card
B-26085,1487.00,624.00,3.00,Clothing,Trousers,Credit Card
B-25868,1118.00,206.00,2.00,Furniture,Tables,Credit Card
B-25714,11.00,-5.00,2.00,Clothing,Hankerchief,COD
B-25784,15.00,4.00,1.00,Clothing,Hankerchief,Debit Card
B-25608,1364.00,1864.00,5.00,Furniture,Tables,Credit Card
B-26051,1337.00,147.00,7.00,Electronics,Printers,Credit Card
B-25900,15.00,2.00,1.00,Clothing,Leggings,Debit Card
B-25760,322.00,-193.00,5.00,Electronics,Printers,UPI
B-25762,1316.00,527.00,7.00,Electronics,Electronic Games,Credit Card
B-25995,1314.00,342.00,3.00,Furniture,Bookcases,Credit Card
B-25965,17.00,7.00,3.00,Clothing,Hankerchief,Debit Card
B-25967,17.00,2.00,2.00,Clothing,Skirt,Debit Card
B-25674,17.00,-12.00,5.00,Clothing,Skirt,Debit Card
B-25929,1308.00,536.00,3.00,Furniture,Bookcases,Credit Card
B-25777,1076.00,-38.00,4.00,Electronics,Printers,Credit Card
B-26006,1301.00,573.00,5.00,Electronics,Accessories,Credit Card
B-25697,1300.00,-16.00,8.00,Electronics,Printers,Credit Card
B-25667,11.00,-2.00,4.00,Clothing,Hankerchief,COD
B-25836,1298.00,65.00,9.00,Electronics,Printers,EMI
B-25984,304.00,97.00,6.00,Clothing,Stole,UPI
B-25728,1055.00,264.00,4.00,Electronics,Printers,EMI
B-25757,17.00,-13.00,4.00,Clothing,Skirt,Debit Card
B-25957,147.00,73.00,3.00,Clothing,Stole,COD
B-26061,965.00,-68.00,3.00,Electronics,Printers,COD
B-25735,12.00,-2.00,3.00,Clothing,Hankerchief,COD
B-25616,14.00,-2.00,3.00,Clothing,Hankerchief,UPI
B-25666,934.00,-916.00,7.00,Electronics,Electronic Games,COD
B-25675,929.00,-93.00,9.00,Clothing,Saree,COD
B-26079,18.00,3.00,2.00,Clothing,Hankerchief,Debit Card
B-25850,916.00,192.00,11.00,Electronics,Phones,COD
B-25693,76.00,-72.00,9.00,Clothing,Hankerchief,COD
B-25852,869.00,67.00,4.00,Furniture,Tables,COD
B-25860,112.00,24.00,3.00,Clothing,Kurti,COD
B-25853,39.00,16.00,6.00,Clothing,Skirt,UPI
B-25898,857.00,-274.00,2.00,Furniture,Tables,COD
B-26100,828.00,230.00,2.00,Furniture,Chairs,COD
B-25653,1279.00,-640.00,8.00,Electronics,Printers,EMI
B-25839,1250.00,486.00,7.00,Clothing,Saree,EMI
B-25651,823.00,-18.00,7.00,Furniture,Chairs,COD
B-25957,1157.00,-13.00,9.00,Furniture,Bookcases,Credit Card
B-25704,126.00,-63.00,3.00,Electronics,Accessories,UPI
B-25730,1145.00,-706.00,3.00,Electronics,Phones,Credit Card
B-26052,774.00,170.00,3.00,Electronics,Accessories,COD
B-25656,24.00,-1.00,2.00,Clothing,Hankerchief,COD
B-26033,774.00,170.00,3.00,Electronics,Accessories,COD
B-25850,93.00,-1.00,2.00,Clothing,Hankerchief,COD
B-25945,765.00,-36.00,3.00,Electronics,Electronic Games,COD
B-26086,762.00,101.00,6.00,Electronics,Printers,COD
B-25752,761.00,266.00,9.00,Electronics,Electronic Games,COD
B-26098,96.00,-48.00,5.00,Clothing,Leggings,UPI
B-26067,1137.00,-14.00,7.00,Electronics,Printers,EMI
B-25730,18.00,8.00,2.00,Clothing,Hankerchief,Debit Card
B-25986,749.00,-307.00,7.00,Furniture,Furnishings,COD
B-26067,1120.00,199.00,6.00,Clothing,Saree,EMI
B-25953,744.00,119.00,6.00,Electronics,Printers,COD
B-25952,14.00,0.00,4.00,Clothing,Hankerchief,UPI
B-25903,19.00,8.00,2.00,Clothing,Hankerchief,Debit Card
B-25650,512.00,-225.00,5.00,Clothing,Saree,COD
B-25970,742.00,198.00,2.00,Furniture,Bookcases,COD
B-26062,44.00,-40.00,3.00,Clothing,Stole,COD
B-25643,1061.00,-36.00,8.00,Furniture,Bookcases,EMI
B-25632,19.00,-2.00,2.00,Clothing,Leggings,Debit Card
B-25821,17.00,0.00,1.00,Clothing,Hankerchief,COD
B-25878,741.00,267.00,5.00,Furniture,Bookcases,COD
B-25752,735.00,-235.00,6.00,Electronics,Printers,COD
B-25750,19.00,-1.00,1.00,Clothing,Shirt,Debit Card
B-25657,1021.00,-48.00,4.00,Electronics,Electronic Games,EMI
B-25787,556.00,-209.00,7.00,Clothing,Saree,COD
B-25808,63.00,-17.00,6.00,Clothing,Leggings,COD
B-25885,734.00,248.00,2.00,Furniture,Chairs,COD
B-25778,933.00,166.00,5.00,Clothing,Saree,Credit Card
B-25759,20.00,-9.00,6.00,Clothing,Hankerchief,Debit Card
B-25747,877.00,395.00,2.00,Furniture,Bookcases,Credit Card
B-25878,719.00,303.00,6.00,Furniture,Chairs,COD
B-25603,12.00,1.00,2.00,Clothing,Hankerchief,COD
B-25691,714.00,56.00,4.00,Clothing,Saree,COD
B-25607,50.00,-15.00,4.00,Clothing,Leggings,COD
B-25708,709.00,-100.00,5.00,Electronics,Phones,COD
B-26021,21.00,-12.00,3.00,Clothing,Hankerchief,Debit Card
B-25831,693.00,254.00,6.00,Clothing,Saree,COD
B-25850,24.00,1.00,4.00,Clothing,Hankerchief,COD
B-25670,24.00,1.00,2.00,Clothing,Hankerchief,UPI
B-25852,24.00,1.00,2.00,Clothing,Hankerchief,COD
B-26029,21.00,10.00,1.00,Clothing,T-shirt,Debit Card
B-25959,681.00,259.00,4.00,Furniture,Chairs,COD
B-25676,674.00,-187.00,2.00,Furniture,Tables,COD
B-26097,671.00,-309.00,5.00,Electronics,Electronic Games,COD
B-25888,646.00,-213.00,3.00,Electronics,Electronic Games,COD
B-25911,40.00,15.00,1.00,Clothing,Kurti,COD
B-25662,24.00,-2.00,2.00,Clothing,T-shirt,COD
B-25950,644.00,167.00,2.00,Electronics,Printers,COD
B-25847,643.00,225.00,2.00,Electronics,Printers,COD
B-25796,632.00,-316.00,6.00,Clothing,Saree,COD
B-25693,632.00,316.00,6.00,Clothing,Saree,COD
B-25993,610.00,208.00,3.00,Electronics,Printers,COD
B-26052,78.00,-28.00,6.00,Clothing,Kurti,UPI
B-25930,595.00,119.00,4.00,Furniture,Bookcases,COD
B-25785,595.00,292.00,3.00,Clothing,Saree,COD
B-26093,852.00,51.00,5.00,Furniture,Bookcases,Credit Card
B-26053,594.00,89.00,3.00,Furniture,Bookcases,COD
B-26019,585.00,175.00,13.00,Clothing,T-shirt,COD
B-26070,582.00,262.00,5.00,Furniture,Furnishings,COD
B-25870,845.00,84.00,7.00,Clothing,Saree,Credit Card
B-25855,829.00,19.00,4.00,Electronics,Printers,Credit Card
B-25602,561.00,212.00,3.00,Clothing,Saree,COD
B-25728,771.00,-424.00,2.00,Electronics,Phones,Credit Card
B-25803,765.00,8.00,6.00,Clothing,Saree,EMI
B-25996,31.00,2.00,2.00,Clothing,Hankerchief,COD
B-26078,557.00,-111.00,2.00,Electronics,Electronic Games,COD
B-25803,757.00,371.00,2.00,Electronics,Printers,Credit Card
B-25682,545.00,-73.00,11.00,Electronics,Phones,COD
B-25749,1052.00,-82.00,3.00,Furniture,Bookcases,UPI
B-25962,544.00,-152.00,3.00,Furniture,Bookcases,COD
B-25899,22.00,9.00,2.00,Clothing,Leggings,Debit Card
B-25845,757.00,371.00,2.00,Electronics,Printers,Credit Card
B-25951,742.00,198.00,2.00,Furniture,Bookcases,Credit Card
B-25828,537.00,107.00,3.00,Clothing,Saree,COD
B-25803,536.00,91.00,1.00,Clothing,Trousers,COD
B-25656,6.00,3.00,1.00,Clothing,Hankerchief,COD
B-25681,523.00,204.00,7.00,Clothing,Trousers,COD
B-25658,27.00,9.00,2.00,Clothing,T-shirt,UPI
B-25698,516.00,392.00,8.00,Furniture,Chairs,COD
B-25832,504.00,116.00,3.00,Furniture,Bookcases,COD
B-25886,502.00,84.00,4.00,Electronics,Phones,COD
B-25897,734.00,213.00,6.00,Electronics,Electronic Games,Credit Card
B-25873,42.00,12.00,2.00,Clothing,Kurti,COD
B-25858,29.00,11.00,4.00,Clothing,Skirt,COD
B-25867,240.00,12.00,6.00,Clothing,Kurti,UPI
B-25633,496.00,-79.00,2.00,Clothing,Trousers,COD
B-25609,485.00,29.00,4.00,Electronics,Electronic Games,COD
B-25896,31.00,-11.00,3.00,Clothing,Skirt,UPI
B-26000,676.00,151.00,3.00,Electronics,Printers,Credit Card
B-25959,23.00,8.00,2.00,Clothing,Hankerchief,Debit Card
B-25940,13.00,3.00,2.00,Clothing,Hankerchief,COD
B-26087,180.00,0.00,8.00,Clothing,Stole,COD
B-26055,671.00,114.00,9.00,Electronics,Phones,Credit Card
B-25980,22.00,11.00,3.00,Clothing,Kurti,COD
B-25653,668.00,-31.00,3.00,Electronics,Printers,Credit Card
B-26052,145.00,0.00,3.00,Clothing,Saree,UPI
B-25877,24.00,8.00,2.00,Clothing,Skirt,Debit Card
B-25608,476.00,0.00,3.00,Furniture,Chairs,COD
B-25897,24.00,11.00,5.00,Clothing,Hankerchief,Debit Card
B-25881,37.00,3.00,3.00,Clothing,Hankerchief,COD
B-25905,152.00,50.00,6.00,Clothing,Stole,UPI
B-25818,32.00,11.00,2.00,Clothing,Leggings,UPI
B-25835,52.00,11.00,5.00,Clothing,Leggings,COD
B-26081,24.00,11.00,3.00,Clothing,Hankerchief,Debit Card
B-25730,473.00,42.00,4.00,Furniture,Chairs,COD
B-25837,263.00,50.00,5.00,Clothing,Stole,COD
B-25893,61.00,11.00,3.00,Clothing,Kurti,COD
B-25689,469.00,-459.00,3.00,Electronics,Electronic Games,COD
B-26028,1272.00,547.00,2.00,Electronics,Phones,COD
B-26081,169.00,0.00,3.00,Electronics,Accessories,COD
B-25903,25.00,11.00,3.00,Clothing,Leggings,Debit Card
B-25651,457.00,-41.00,4.00,Clothing,Saree,COD
B-25903,455.00,77.00,8.00,Electronics,Accessories,COD
B-26086,25.00,2.00,2.00,Clothing,Hankerchief,Debit Card
B-25654,450.00,-90.00,3.00,Electronics,Printers,COD
B-25720,30.00,-35.00,1.00,Furniture,Chairs,COD
B-26057,659.00,-37.00,2.00,Furniture,Bookcases,Credit Card
B-25798,448.00,148.00,2.00,Electronics,Printers,COD
B-25961,446.00,53.00,3.00,Electronics,Printers,COD
B-25701,98.00,-45.00,2.00,Furniture,Chairs,UPI
B-26055,443.00,11.00,1.00,Clothing,Saree,COD
B-25653,427.00,-50.00,7.00,Electronics,Phones,COD
B-25670,656.00,-36.00,2.00,Furniture,Bookcases,Credit Card
B-26056,424.00,161.00,2.00,Clothing,Saree,COD
B-26061,27.00,8.00,2.00,Clothing,T-shirt,Debit Card
B-25602,424.00,-272.00,5.00,Electronics,Phones,COD
B-26016,202.00,4.00,4.00,Clothing,Hankerchief,COD
B-25873,1275.00,357.00,2.00,Electronics,Phones,UPI
B-25761,418.00,70.00,7.00,Electronics,Phones,COD
B-25819,417.00,49.00,3.00,Electronics,Electronic Games,COD
B-25853,199.00,48.00,4.00,Clothing,Stole,UPI
B-25662,385.00,-77.00,11.00,Furniture,Furnishings,UPI
B-25993,414.00,199.00,3.00,Electronics,Phones,COD
B-25703,97.00,-45.00,4.00,Clothing,Saree,COD
B-25848,648.00,50.00,6.00,Electronics,Electronic Games,Credit Card
B-25678,27.00,-25.00,2.00,Clothing,Shirt,Debit Card
B-25925,27.00,12.00,1.00,Clothing,Stole,Debit Card
B-25977,27.00,1.00,1.00,Clothing,Stole,UPI
B-25797,413.00,-314.00,9.00,Furniture,Chairs,COD
B-26067,53.00,2.00,4.00,Clothing,Hankerchief,COD
B-25810,29.00,8.00,5.00,Clothing,Hankerchief,UPI
B-25648,30.00,13.00,1.00,Clothing,T-shirt,UPI
B-25933,412.00,412.00,6.00,Clothing,Saree,COD
B-25942,646.00,-23.00,2.00,Electronics,Printers,Credit Card
B-25656,30.00,-5.00,5.00,Clothing,Stole,UPI
B-26067,618.00,27.00,4.00,Furniture,Bookcases,Credit Card
B-25673,143.00,-124.00,5.00,Clothing,Saree,UPI
B-25797,31.00,1.00,2.00,Clothing,Hankerchief,UPI
B-26098,409.00,86.00,3.00,Clothing,Saree,COD
B-25656,406.00,126.00,2.00,Clothing,Saree,COD
B-25791,565.00,66.00,7.00,Clothing,Saree,Credit Card
B-26053,85.00,2.00,6.00,Clothing,Stole,COD
B-25983,561.00,118.00,5.00,Furniture,Bookcases,Credit Card
B-25743,503.00,-56.00,2.00,Clothing,Trousers,COD
B-25867,31.00,14.00,3.00,Clothing,Stole,UPI
B-25973,398.00,111.00,8.00,Clothing,Hankerchief,COD
B-25895,388.00,93.00,2.00,Furniture,Bookcases,COD
B-26003,498.00,-116.00,4.00,Clothing,Saree,UPI
B-25717,561.00,212.00,3.00,Clothing,Saree,Credit Card
B-26064,61.00,3.00,4.00,Clothing,Hankerchief,COD
B-25630,34.00,-22.00,4.00,Clothing,T-shirt,COD
B-26050,32.00,6.00,3.00,Clothing,Shirt,UPI
B-25786,623.00,-192.00,3.00,Furniture,Tables,UPI
B-26035,520.00,151.00,3.00,Electronics,Phones,Credit Card
B-25693,32.00,-16.00,6.00,Clothing,Saree,UPI
B-25703,32.00,-5.00,5.00,Clothing,Hankerchief,UPI
B-25966,510.00,234.00,6.00,Electronics,Electronic Games,EMI
B-26060,382.00,68.00,3.00,Clothing,Saree,COD
B-25898,33.00,13.00,3.00,Clothing,Leggings,UPI
B-25686,381.00,-13.00,2.00,Clothing,Saree,COD
B-26051,490.00,88.00,2.00,Electronics,Accessories,EMI
B-25854,381.00,144.00,2.00,Clothing,Saree,COD
B-26050,487.00,143.00,4.00,Electronics,Phones,EMI
B-25961,366.00,84.00,3.00,Furniture,Bookcases,COD
B-25701,33.00,-29.00,3.00,Clothing,Shirt,UPI
B-25970,365.00,107.00,3.00,Electronics,Phones,COD
B-25933,207.00,-100.00,2.00,Clothing,Saree,UPI
B-26081,359.00,-338.00,5.00,Furniture,Bookcases,COD
B-25650,351.00,-47.00,8.00,Electronics,Phones,COD
B-25850,485.00,199.00,4.00,Clothing,Saree,EMI
B-25643,37.00,-23.00,4.00,Clothing,Shirt,UPI
B-26100,34.00,10.00,2.00,Clothing,T-shirt,Debit Card
B-25964,346.00,108.00,3.00,Furniture,Chairs,COD
B-25676,342.00,-103.00,4.00,Electronics,Electronic Games,COD
B-25628,35.00,-8.00,2.00,Furniture,Furnishings,Debit Card
B-25891,121.00,41.00,4.00,Clothing,Stole,UPI
B-25903,336.00,57.00,2.00,Electronics,Phones,COD
B-25851,336.00,71.00,3.00,Furniture,Bookcases,COD
B-26089,27.00,4.00,1.00,Clothing,Hankerchief,COD
B-25996,333.00,50.00,2.00,Electronics,Phones,COD
B-25881,36.00,7.00,3.00,Clothing,Leggings,Debit Card
B-25621,333.00,-15.00,3.00,Electronics,Phones,COD
B-25727,327.00,114.00,4.00,Clothing,Trousers,COD
B-25843,18.00,6.00,3.00,Clothing,Hankerchief,UPI
B-26050,325.00,32.00,7.00,Clothing,T-shirt,COD
B-25741,482.00,-6.00,7.00,Electronics,Electronic Games,EMI
B-25756,465.00,-33.00,4.00,Electronics,Phones,EMI
B-25787,40.00,-12.00,3.00,Clothing,Shirt,COD
B-25603,107.00,36.00,6.00,Clothing,Stole,COD
B-25655,312.00,-312.00,7.00,Furniture,Chairs,COD
B-26096,451.00,25.00,3.00,Electronics,Phones,EMI
B-25962,312.00,62.00,1.00,Electronics,Electronic Games,COD
B-26007,311.00,72.00,2.00,Furniture,Bookcases,COD
B-26088,11.00,5.00,2.00,Clothing,Hankerchief,UPI
B-25673,37.00,-5.00,3.00,Clothing,T-shirt,Debit Card
B-25664,444.00,-200.00,4.00,Electronics,Phones,EMI
B-25642,434.00,26.00,11.00,Clothing,Shirt,Credit Card
B-25987,299.00,0.00,6.00,Clothing,Stole,COD
B-25903,37.00,17.00,3.00,Clothing,Hankerchief,Debit Card
B-25770,299.00,113.00,2.00,Furniture,Bookcases,COD
B-25840,298.00,74.00,2.00,Furniture,Bookcases,COD
B-25846,94.00,7.00,7.00,Clothing,Leggings,UPI
B-25745,296.00,225.00,11.00,Clothing,Saree,COD
B-26073,37.00,17.00,3.00,Clothing,Hankerchief,Debit Card
B-26030,291.00,93.00,2.00,Electronics,Printers,COD
B-25678,327.00,-39.00,1.00,Electronics,Phones,COD
B-26035,291.00,119.00,11.00,Clothing,Saree,COD
B-25896,287.00,-66.00,6.00,Clothing,Kurti,COD
B-25989,42.00,15.00,1.00,Electronics,Accessories,UPI
B-26016,429.00,61.00,3.00,Electronics,Electronic Games,Credit Card
B-26009,285.00,128.00,2.00,Electronics,Printers,COD
B-25915,277.00,3.00,1.00,Electronics,Electronic Games,COD
B-25845,274.00,-7.00,4.00,Electronics,Phones,COD
B-25645,273.00,-87.00,4.00,Electronics,Phones,COD
B-25803,269.00,91.00,1.00,Electronics,Electronic Games,COD
B-26030,11.00,5.00,1.00,Clothing,Skirt,COD
B-25955,39.00,2.00,2.00,Clothing,Saree,Debit Card
B-26096,264.00,-26.00,3.00,Clothing,Trousers,COD
B-25635,40.00,16.00,3.00,Clothing,Hankerchief,Debit Card
B-26038,41.00,19.00,2.00,Clothing,T-shirt,Debit Card
B-25791,253.00,-63.00,2.00,Clothing,Saree,UPI
B-26014,406.00,97.00,7.00,Furniture,Chairs,Credit Card
B-25751,32.00,7.00,3.00,Clothing,Hankerchief,COD
B-25962,260.00,68.00,2.00,Electronics,Printers,COD
B-26025,41.00,19.00,5.00,Clothing,Hankerchief,Debit Card
B-26048,401.00,13.00,6.00,Furniture,Chairs,Credit Card
B-25635,382.00,30.00,3.00,Clothing,Saree,Credit Card
B-25981,867.00,251.00,5.00,Electronics,Phones,COD
B-25610,43.00,0.00,3.00,Clothing,Saree,Debit Card
B-25733,43.00,-43.00,7.00,Clothing,Stole,Debit Card
B-25977,74.00,29.00,3.00,Clothing,Stole,COD
B-25655,44.00,-26.00,3.00,Clothing,Hankerchief,Debit Card
B-25612,259.00,-55.00,2.00,Furniture,Chairs,COD
B-25608,257.00,23.00,5.00,Clothing,Hankerchief,COD
B-25752,76.00,27.00,5.00,Clothing,Stole,COD
B-25700,44.00,-32.00,3.00,Clothing,Stole,Debit Card
B-25856,257.00,3.00,2.00,Clothing,Saree,COD
B-26026,255.00,76.00,9.00,Clothing,Hankerchief,COD
B-25861,44.00,14.00,3.00,Clothing,Hankerchief,Debit Card
B-25673,45.00,-2.00,4.00,Clothing,Shirt,COD
B-25681,44.00,-3.00,1.00,Clothing,Saree,Debit Card
B-26051,382.00,119.00,2.00,Clothing,Saree,Credit Card
B-25951,250.00,100.00,3.00,Clothing,Trousers,COD
B-25799,45.00,-15.00,2.00,Furniture,Chairs,COD
B-26053,246.00,61.00,2.00,Furniture,Bookcases,COD
B-26030,50.00,25.00,5.00,Clothing,Stole,COD
B-26054,246.00,98.00,5.00,Clothing,Hankerchief,COD
B-25696,44.00,99.00,3.00,Clothing,Kurti,Debit Card
B-25660,245.00,-78.00,3.00,Clothing,Saree,COD
B-25858,245.00,30.00,2.00,Clothing,Saree,COD
B-26045,376.00,0.00,7.00,Clothing,Stole,Credit Card
B-25850,45.00,1.00,3.00,Clothing,T-shirt,Debit Card
B-25781,45.00,-28.00,2.00,Clothing,Stole,Debit Card
B-25918,244.00,-122.00,5.00,Furniture,Furnishings,COD
B-25971,244.00,83.00,2.00,Furniture,Bookcases,COD
B-25870,10.00,4.00,1.00,Clothing,Kurti,UPI
B-25770,375.00,180.00,3.00,Furniture,Bookcases,Credit Card
B-25757,46.00,14.00,5.00,Clothing,Skirt,Debit Card
B-25699,49.00,-31.00,2.00,Clothing,Stole,UPI
B-25776,47.00,-20.00,2.00,Clothing,Kurti,Debit Card
B-25893,355.00,-114.00,7.00,Clothing,Stole,Credit Card
B-25985,32.00,8.00,5.00,Clothing,Hankerchief,UPI
B-25681,243.00,-14.00,2.00,Furniture,Chairs,COD
B-26063,241.00,-77.00,4.00,Electronics,Electronic Games,COD
B-26032,47.00,15.00,5.00,Clothing,Saree,Debit Card
B-26001,50.00,-10.00,6.00,Clothing,Skirt,Debit Card
B-26056,15.00,6.00,2.00,Clothing,Hankerchief,COD
B-25850,148.00,24.00,3.00,Clothing,Stole,COD
B-25767,299.00,-28.00,3.00,Electronics,Electronic Games,UPI
B-25693,68.00,-30.00,1.00,Electronics,Phones,UPI
B-25850,52.00,18.00,5.00,Clothing,Leggings,Debit Card
B-25796,239.00,-162.00,5.00,Furniture,Chairs,COD
B-26053,27.00,6.00,3.00,Clothing,Skirt,COD
B-25650,238.00,20.00,2.00,Clothing,Saree,COD
B-25961,48.00,16.00,3.00,Clothing,Shirt,COD
B-26023,66.00,22.00,3.00,Clothing,Stole,UPI
B-25809,53.00,24.00,1.00,Clothing,Hankerchief,Debit Card
B-25621,233.00,-10.00,5.00,Electronics,Electronic Games,COD
B-25854,53.00,-2.00,3.00,Clothing,Saree,Debit Card
B-26057,54.00,8.00,4.00,Clothing,T-shirt,Debit Card
B-25688,352.00,-345.00,5.00,Clothing,Saree,Credit Card
B-25885,349.00,0.00,7.00,Clothing,Stole,Credit Card
B-25753,341.00,-85.00,6.00,Clothing,Trousers,Credit Card
B-25981,54.00,12.00,3.00,Clothing,Saree,Debit Card
B-26055,57.00,7.00,2.00,Clothing,Shirt,UPI
B-25714,340.00,20.00,7.00,Clothing,Shirt,Credit Card
B-26055,227.00,48.00,5.00,Clothing,Stole,COD
B-25989,330.00,81.00,1.00,Furniture,Bookcases,Credit Card
B-25710,216.00,-38.00,6.00,Furniture,Furnishings,UPI
B-25773,224.00,-143.00,3.00,Furniture,Chairs,COD
B-25661,55.00,-33.00,2.00,Furniture,Chairs,Debit Card
B-26021,49.00,21.00,1.00,Clothing,Stole,UPI
B-26057,224.00,87.00,3.00,Clothing,Trousers,COD
B-25858,223.00,27.00,2.00,Furniture,Bookcases,COD
B-25857,324.00,39.00,8.00,Electronics,Accessories,Credit Card
B-25656,56.00,18.00,2.00,Clothing,Hankerchief,Debit Card
B-25999,223.00,62.00,7.00,Clothing,Shirt,COD
B-25856,10.00,2.00,2.00,Clothing,Skirt,COD
B-25926,57.00,6.00,5.00,Clothing,Leggings,Debit Card
B-25728,322.00,-113.00,4.00,Clothing,Saree,Credit Card
B-26076,219.00,4.00,2.00,Clothing,Saree,COD
B-25913,103.00,21.00,7.00,Clothing,Stole,UPI
B-25703,47.00,-27.00,4.00,Clothing,Saree,COD
B-25858,219.00,0.00,1.00,Clothing,Saree,COD
B-25727,57.00,-48.00,6.00,Clothing,Leggings,Debit Card
B-26020,319.00,102.00,6.00,Electronics,Accessories,Credit Card
B-26003,315.00,-8.00,3.00,Furniture,Chairs,Credit Card
B-25925,314.00,-41.00,3.00,Electronics,Electronic Games,Credit Card
B-26087,311.00,40.00,1.00,Electronics,Electronic Games,EMI
B-25810,307.00,74.00,3.00,Electronics,Accessories,EMI
B-25858,294.00,109.00,7.00,Electronics,Accessories,EMI
B-25861,216.00,-83.00,3.00,Electronics,Electronic Games,COD
B-25661,58.00,-42.00,2.00,Furniture,Chairs,Debit Card
B-25943,48.00,20.00,4.00,Clothing,Stole,UPI
B-25955,54.00,14.00,3.00,Clothing,T-shirt,UPI
B-26051,216.00,50.00,4.00,Clothing,Stole,COD
B-25999,215.00,-30.00,2.00,Clothing,Saree,COD
B-26083,43.00,8.00,3.00,Clothing,Leggings,COD
B-25950,136.00,-33.00,5.00,Clothing,Saree,COD
B-25625,59.00,-30.00,3.00,Clothing,Leggings,Debit Card
B-26055,213.00,4.00,14.00,Clothing,Shirt,COD
B-26023,59.00,21.00,2.00,Clothing,Stole,Debit Card
B-26010,55.00,3.00,3.00,Clothing,T-shirt,COD
B-25955,294.00,62.00,9.00,Clothing,T-shirt,EMI
B-25900,210.00,62.00,2.00,Electronics,Phones,COD
B-26089,59.00,24.00,6.00,Clothing,Kurti,Debit Card
B-25655,396.00,-31.00,9.00,Clothing,Saree,COD
B-25979,284.00,45.00,2.00,Furniture,Bookcases,EMI
B-26002,276.00,52.00,5.00,Clothing,Saree,EMI
B-25635,23.00,2.00,2.00,Clothing,Skirt,UPI
B-26084,209.00,-63.00,4.00,Electronics,Electronic Games,COD
B-25998,50.00,-28.00,5.00,Furniture,Furnishings,COD
B-25872,57.00,27.00,2.00,Clothing,Shirt,COD
B-25795,276.00,-21.00,2.00,Electronics,Phones,EMI
B-25902,268.00,6.00,2.00,Furniture,Bookcases,UPI
B-25650,269.00,111.00,3.00,Clothing,Trousers,EMI
B-25957,209.00,2.00,1.00,Clothing,Saree,COD
B-25793,60.00,-12.00,4.00,Clothing,Hankerchief,Debit Card
B-25654,269.00,-86.00,2.00,Electronics,Electronic Games,EMI
B-25750,208.00,-25.00,2.00,Clothing,Saree,COD
B-25835,27.00,2.00,2.00,Clothing,Leggings,UPI
B-25652,206.00,-206.00,3.00,Clothing,Saree,COD
B-26018,61.00,8.00,4.00,Clothing,Hankerchief,Debit Card
B-25750,212.00,-24.00,2.00,Furniture,Chairs,COD
B-25840,262.00,64.00,6.00,Clothing,Saree,EMI
B-25756,204.00,276.00,3.00,Furniture,Bookcases,COD
B-25777,59.00,-46.00,7.00,Clothing,T-shirt,UPI
B-25750,199.00,-18.00,2.00,Clothing,Saree,COD
B-25823,59.00,6.00,1.00,Electronics,Accessories,UPI
B-26096,45.00,9.00,3.00,Clothing,Leggings,UPI
B-25757,211.00,19.00,8.00,Clothing,Stole,COD
B-25698,65.00,-16.00,2.00,Electronics,Phones,Debit Card
B-25710,25.00,0.00,4.00,Clothing,Skirt,UPI
B-25994,196.00,-7.00,5.00,Electronics,Phones,COD
B-25950,261.00,13.00,6.00,Clothing,Shirt,Credit Card
B-25653,195.00,-117.00,5.00,Electronics,Phones,COD
B-25785,192.00,-146.00,3.00,Clothing,Saree,COD
B-25863,189.00,87.00,7.00,Clothing,Stole,COD
B-25959,32.00,2.00,2.00,Clothing,Kurti,UPI
B-25991,188.00,13.00,7.00,Clothing,Shirt,COD
B-25680,73.00,-25.00,3.00,Clothing,Saree,COD
B-25910,259.00,47.00,5.00,Clothing,Hankerchief,Credit Card
B-25737,187.00,-15.00,3.00,Clothing,Trousers,COD
B-25853,26.00,11.00,2.00,Clothing,Hankerchief,UPI
B-26097,185.00,-26.00,6.00,Furniture,Chairs,COD
B-25875,248.00,8.00,2.00,Clothing,Saree,Credit Card
B-26031,67.00,9.00,4.00,Clothing,Leggings,Debit Card
B-25773,248.00,-70.00,3.00,Furniture,Chairs,Credit Card
B-25840,246.00,61.00,2.00,Furniture,Bookcases,Credit Card
B-25908,179.00,-25.00,5.00,Clothing,Kurti,COD
B-26041,176.00,-28.00,5.00,Furniture,Furnishings,COD
B-26010,176.00,-13.00,5.00,Furniture,Furnishings,COD
B-25640,68.00,-62.00,2.00,Clothing,Trousers,Debit Card
B-25794,176.00,37.00,6.00,Electronics,Accessories,COD
B-25987,88.00,11.00,7.00,Clothing,Hankerchief,UPI
B-25615,68.00,20.00,5.00,Clothing,Hankerchief,Debit Card
B-25997,231.00,99.00,2.00,Electronics,Electronic Games,Credit Card
B-25981,62.00,8.00,2.00,Clothing,T-shirt,UPI
B-25791,175.00,77.00,3.00,Clothing,Saree,COD
B-25986,71.00,4.00,5.00,Clothing,Leggings,Debit Card
B-25652,174.00,-70.00,3.00,Electronics,Accessories,COD
B-25952,173.00,69.00,3.00,Furniture,Chairs,COD
B-25898,171.00,2.00,2.00,Electronics,Electronic Games,COD
B-25785,268.00,-25.00,3.00,Clothing,Saree,COD
B-25990,71.00,32.00,3.00,Clothing,Saree,Debit Card
B-26091,29.00,10.00,4.00,Clothing,Hankerchief,UPI
B-25604,65.00,17.00,2.00,Clothing,T-shirt,UPI
B-25754,72.00,-46.00,7.00,Clothing,Kurti,Debit Card
B-25724,168.00,-51.00,2.00,Furniture,Bookcases,COD
B-25757,165.00,30.00,3.00,Clothing,Stole,COD
B-25767,74.00,-59.00,2.00,Electronics,Accessories,Debit Card
B-25886,89.00,17.00,2.00,Clothing,Stole,UPI
B-25621,228.00,63.00,3.00,Electronics,Electronic Games,Credit Card
B-25967,119.00,-24.00,4.00,Furniture,Furnishings,COD
B-25691,75.00,-25.00,3.00,Clothing,Stole,UPI
B-25953,67.00,20.00,4.00,Clothing,T-shirt,UPI
B-25651,7.00,0.00,1.00,Clothing,Leggings,COD
B-25828,222.00,35.00,5.00,Clothing,Saree,Credit Card
B-25628,219.00,-9.00,4.00,Clothing,Saree,Credit Card
B-25703,42.00,-23.00,2.00,Furniture,Furnishings,UPI
B-25929,216.00,-135.00,3.00,Furniture,Chairs,Credit Card
B-25748,47.00,-21.00,2.00,Electronics,Electronic Games,COD
B-25610,68.00,-55.00,5.00,Electronics,Accessories,UPI
B-25903,74.00,33.00,2.00,Clothing,Shirt,Debit Card
B-25878,165.00,46.00,3.00,Furniture,Furnishings,COD
B-26056,101.00,11.00,2.00,Clothing,Hankerchief,UPI
B-26004,162.00,73.00,2.00,Electronics,Electronic Games,COD
B-25699,20.00,-22.00,1.00,Furniture,Furnishings,UPI
B-26053,162.00,55.00,3.00,Clothing,Stole,COD
B-25654,229.00,-23.00,2.00,Clothing,Saree,UPI
B-25954,27.00,0.00,2.00,Clothing,Leggings,COD
B-25910,685.00,7.00,7.00,Clothing,Trousers,UPI
B-26064,75.00,2.00,5.00,Clothing,Leggings,Debit Card
B-25983,161.00,-229.00,8.00,Furniture,Furnishings,COD
B-26002,71.00,19.00,3.00,Clothing,T-shirt,COD
B-25650,211.00,-105.00,2.00,Clothing,Saree,Credit Card
B-26043,79.00,5.00,6.00,Clothing,Hankerchief,Debit Card
B-25657,32.00,-22.00,5.00,Clothing,Saree,UPI
B-25838,161.00,40.00,3.00,Clothing,Stole,COD
B-25651,159.00,4.00,1.00,Clothing,Saree,COD
B-25808,210.00,-50.00,4.00,Clothing,Hankerchief,Credit Card
B-25973,79.00,39.00,2.00,Clothing,Shirt,Debit Card
B-25698,207.00,153.00,3.00,Clothing,Saree,Credit Card
B-25818,36.00,0.00,4.00,Clothing,Kurti,COD
B-26061,206.00,12.00,1.00,Electronics,Printers,Credit Card
B-25878,46.00,0.00,4.00,Clothing,Leggings,COD
B-26054,156.00,23.00,3.00,Clothing,Stole,COD
B-25809,154.00,54.00,3.00,Clothing,Hankerchief,COD
B-26042,36.00,15.00,3.00,Clothing,Stole,UPI
B-26008,206.00,51.00,4.00,Clothing,Hankerchief,Credit Card
B-25927,200.00,7.00,4.00,Electronics,Electronic Games,Credit Card
B-26008,199.00,-1.00,1.00,Clothing,Saree,Credit Card
B-25753,154.00,22.00,7.00,Clothing,T-shirt,COD
B-25948,152.00,23.00,3.00,Furniture,Furnishings,COD
B-26094,152.00,50.00,6.00,Clothing,Stole,COD
B-25654,122.00,-21.00,3.00,Furniture,Furnishings,UPI
B-25854,149.00,48.00,6.00,Clothing,Stole,COD
B-25623,149.00,-87.00,4.00,Clothing,Saree,COD
B-25985,197.00,20.00,4.00,Clothing,Kurti,Credit Card
B-25723,76.00,-54.00,3.00,Electronics,Electronic Games,COD
B-25751,221.00,-15.00,2.00,Electronics,Electronic Games,COD
B-26050,79.00,32.00,3.00,Clothing,Saree,Debit Card
B-25800,45.00,12.00,7.00,Clothing,Hankerchief,UPI
B-25673,149.00,-1.00,1.00,Clothing,Saree,COD
B-26002,80.00,22.00,3.00,Clothing,Stole,Debit Card
B-26009,195.00,12.00,9.00,Clothing,Shirt,Credit Card
B-25754,19.00,0.00,3.00,Clothing,Skirt,UPI
B-25953,81.00,41.00,3.00,Clothing,Stole,Debit Card
B-26039,83.00,34.00,5.00,Clothing,Shirt,Debit Card
B-26001,149.00,17.00,4.00,Furniture,Furnishings,COD
B-25620,193.00,46.00,1.00,Electronics,Printers,Credit Card
B-26051,85.00,24.00,10.00,Clothing,Hankerchief,Debit Card
B-25673,44.00,-17.00,5.00,Clothing,Saree,UPI
B-25721,149.00,-40.00,2.00,Electronics,Phones,COD
B-25764,26.00,0.00,2.00,Clothing,Kurti,COD
B-25645,86.00,0.00,4.00,Clothing,T-shirt,Debit Card
B-26066,86.00,22.00,2.00,Clothing,Saree,Debit Card
B-26003,79.00,16.00,3.00,Clothing,T-shirt,COD
B-25712,193.00,-275.00,3.00,Electronics,Phones,Credit Card
B-25796,148.00,0.00,3.00,Clothing,Saree,COD
B-25738,70.00,-14.00,2.00,Furniture,Furnishings,UPI
B-25771,148.00,59.00,3.00,Clothing,Hankerchief,COD
B-25950,190.00,19.00,9.00,Furniture,Furnishings,Credit Card
B-26038,52.00,14.00,2.00,Clothing,Stole,COD
B-26004,147.00,44.00,3.00,Clothing,Saree,COD
B-25896,190.00,68.00,8.00,Clothing,T-shirt,Credit Card
B-25601,80.00,-56.00,4.00,Electronics,Electronic Games,UPI
B-25952,147.00,48.00,3.00,Clothing,Saree,COD
B-25873,66.00,12.00,3.00,Clothing,Stole,COD
B-25844,86.00,8.00,2.00,Clothing,Saree,Debit Card
B-26054,88.00,19.00,2.00,Clothing,Shirt,Debit Card
B-25953,188.00,-193.00,2.00,Electronics,Electronic Games,Credit Card
B-25951,89.00,29.00,2.00,Clothing,Stole,UPI
B-26065,146.00,19.00,5.00,Clothing,Stole,COD
B-26033,143.00,32.00,1.00,Furniture,Bookcases,COD
B-25781,25.00,-1.00,4.00,Clothing,Kurti,COD
B-26043,30.00,12.00,3.00,Clothing,Skirt,UPI
B-25787,140.00,-58.00,4.00,Furniture,Furnishings,COD
B-25664,83.00,-48.00,1.00,Furniture,Bookcases,UPI
B-25825,140.00,6.00,5.00,Clothing,Saree,COD
B-25818,28.00,14.00,4.00,Clothing,Hankerchief,COD
B-25765,139.00,14.00,3.00,Clothing,Stole,COD
B-25853,30.00,14.00,3.00,Clothing,Hankerchief,UPI
B-26030,89.00,36.00,3.00,Clothing,Shirt,UPI
B-25730,187.00,30.00,4.00,Electronics,Accessories,Credit Card
B-26054,139.00,21.00,3.00,Electronics,Accessories,COD
B-25773,437.00,-14.00,2.00,Clothing,Saree,UPI
B-25717,138.00,-3.00,5.00,Clothing,Saree,COD
B-26010,85.00,13.00,2.00,Clothing,Shirt,UPI
B-25893,83.00,12.00,3.00,Clothing,Stole,UPI
B-26076,91.00,22.00,2.00,Clothing,Stole,UPI
B-25803,137.00,5.00,5.00,Clothing,Shirt,COD
B-25709,33.00,-12.00,7.00,Clothing,Saree,UPI
B-25755,134.00,-34.00,2.00,Furniture,Chairs,COD
B-25684,134.00,42.00,2.00,Furniture,Chairs,COD
B-25739,133.00,-56.00,2.00,Furniture,Chairs,COD
B-26081,93.00,-84.00,3.00,Clothing,Saree,UPI
B-25662,86.00,-21.00,1.00,Electronics,Electronic Games,UPI
B-25845,132.00,54.00,5.00,Clothing,Stole,COD
B-26085,132.00,-10.00,3.00,Clothing,Saree,COD
B-25745,132.00,-79.00,5.00,Furniture,Furnishings,COD
B-25999,93.00,-65.00,4.00,Clothing,Stole,UPI
B-26082,95.00,5.00,2.00,Clothing,Stole,UPI
B-26097,97.00,12.00,2.00,Clothing,Hankerchief,UPI
B-25731,131.00,-154.00,8.00,Furniture,Furnishings,COD
B-25625,97.00,29.00,2.00,Clothing,Hankerchief,UPI
B-25853,128.00,4.00,3.00,Clothing,Saree,COD
B-25703,186.00,241.00,9.00,Clothing,Shirt,Credit Card
B-26003,128.00,47.00,4.00,Clothing,Hankerchief,COD
B-25803,185.00,48.00,4.00,Clothing,Stole,Credit Card
B-25719,29.00,10.00,2.00,Clothing,Stole,COD
B-25883,127.00,29.00,3.00,Furniture,Furnishings,COD
B-25891,97.00,36.00,7.00,Clothing,Hankerchief,UPI
B-25821,125.00,0.00,3.00,Electronics,Accessories,COD
B-25646,299.00,-8.00,2.00,Clothing,Saree,COD
B-25874,124.00,54.00,5.00,Clothing,T-shirt,COD
B-25717,90.00,17.00,3.00,Clothing,Shirt,COD
B-26073,122.00,11.00,4.00,Clothing,Hankerchief,COD
B-25800,122.00,-66.00,9.00,Electronics,Accessories,COD
B-25991,90.00,30.00,2.00,Furniture,Chairs,UPI
B-25638,182.00,-11.00,3.00,Furniture,Bookcases,Credit Card
B-26021,122.00,59.00,7.00,Furniture,Furnishings,COD
B-25882,121.00,19.00,4.00,Clothing,Stole,COD
B-26053,120.00,1.00,1.00,Furniture,Chairs,COD
B-25951,120.00,23.00,5.00,Clothing,Stole,COD
B-25757,34.00,-11.00,5.00,Clothing,T-shirt,COD
B-25777,117.00,17.00,6.00,Clothing,Kurti,COD
B-26040,38.00,9.00,2.00,Clothing,Stole,COD
B-25696,117.00,-6.00,3.00,Electronics,Phones,COD
B-25977,180.00,54.00,4.00,Clothing,T-shirt,Credit Card
B-25743,99.00,-5.00,1.00,Clothing,Saree,UPI
B-25651,172.00,-103.00,3.00,Furniture,Chairs,EMI
B-25603,116.00,16.00,4.00,Clothing,Stole,COD
B-25696,116.00,-4.00,1.00,Clothing,Saree,COD
B-26037,171.00,68.00,7.00,Clothing,Stole,EMI
B-26098,46.00,14.00,5.00,Clothing,Skirt,COD
B-25697,115.00,-39.00,3.00,Clothing,Trousers,COD
B-25920,100.00,7.00,2.00,Clothing,T-shirt,UPI
B-25993,44.00,8.00,2.00,Clothing,Stole,COD
B-26089,139.00,14.00,3.00,Clothing,Kurti,COD
B-25960,171.00,-140.00,2.00,Furniture,Bookcases,EMI
B-25917,100.00,12.00,2.00,Clothing,T-shirt,UPI
B-25825,115.00,25.00,6.00,Clothing,Stole,COD
B-25696,168.00,-9.00,3.00,Clothing,Saree,COD
B-25972,115.00,47.00,2.00,Electronics,Accessories,COD
B-25602,168.00,-111.00,2.00,Electronics,Phones,EMI
B-25736,31.00,-7.00,5.00,Clothing,Skirt,UPI
B-26003,114.00,41.00,6.00,Furniture,Furnishings,COD
B-25970,111.00,9.00,4.00,Clothing,Stole,COD
B-25742,11.00,-8.00,2.00,Clothing,Skirt,UPI
B-25770,110.00,35.00,1.00,Furniture,Furnishings,COD
B-26098,59.00,15.00,2.00,Clothing,T-shirt,UPI
B-26050,166.00,27.00,2.00,Electronics,Accessories,EMI
B-25778,109.00,-6.00,6.00,Clothing,Saree,COD
B-25652,34.00,-6.00,4.00,Clothing,Leggings,COD
B-25999,109.00,40.00,1.00,Furniture,Furnishings,COD
B-25909,108.00,22.00,3.00,Electronics,Accessories,COD
B-25823,103.00,50.00,2.00,Furniture,Furnishings,UPI
B-25701,10.00,-8.00,2.00,Clothing,Skirt,COD
B-25855,90.00,17.00,3.00,Clothing,Hankerchief,COD
B-25654,105.00,46.00,2.00,Clothing,Stole,UPI
B-25623,105.00,20.00,2.00,Clothing,Stole,Debit Card
B-25641,22.00,-6.00,1.00,Furniture,Furnishings,COD
B-25852,105.00,-33.00,5.00,Clothing,Kurti,COD
B-25958,105.00,25.00,2.00,Clothing,Hankerchief,EMI
B-25802,25.00,-7.00,5.00,Clothing,Saree,UPI
B-25823,104.00,2.00,2.00,Furniture,Furnishings,COD
B-25834,16.00,5.00,1.00,Clothing,Stole,UPI
B-25678,64.00,-7.00,3.00,Clothing,Saree,COD
B-25774,38.00,-6.00,2.00,Furniture,Furnishings,UPI
B-25904,83.00,12.00,2.00,Furniture,Chairs,COD
B-25896,103.00,36.00,2.00,Clothing,Hankerchief,COD
B-25796,37.00,-6.00,1.00,Clothing,Saree,UPI
B-25934,105.00,33.00,6.00,Clothing,Saree,EMI
B-25750,78.00,-6.00,2.00,Furniture,Furnishings,UPI
B-25761,102.00,-90.00,1.00,Clothing,Saree,COD
B-25912,102.00,11.00,6.00,Clothing,T-shirt,COD
B-25751,10.00,-8.00,1.00,Clothing,Kurti,UPI
B-25656,101.00,18.00,9.00,Clothing,Skirt,COD
B-25647,42.00,-6.00,4.00,Clothing,Saree,UPI
B-25861,56.00,18.00,2.00,Clothing,Hankerchief,UPI
B-25802,95.00,5.00,2.00,Clothing,Stole,COD
B-25901,159.00,2.00,3.00,Furniture,Furnishings,EMI
B-25623,158.00,69.00,3.00,Clothing,Stole,EMI
B-25751,106.00,0.00,2.00,Electronics,Phones,EMI
B-26052,101.00,16.00,4.00,Clothing,T-shirt,COD
B-25886,107.00,37.00,3.00,Clothing,Shirt,COD
B-25804,156.00,36.00,5.00,Clothing,T-shirt,EMI
B-25734,108.00,-19.00,3.00,Electronics,Electronic Games,UPI
B-25610,107.00,-54.00,4.00,Clothing,Stole,EMI
B-25711,100.00,-58.00,4.00,Clothing,Hankerchief,COD
B-25985,108.00,26.00,4.00,Clothing,Shirt,UPI
B-25864,100.00,6.00,4.00,Clothing,Stole,COD
B-25648,100.00,-23.00,1.00,Electronics,Phones,COD
B-26086,43.00,17.00,2.00,Clothing,T-shirt,UPI
B-25835,155.00,26.00,3.00,Clothing,Stole,EMI
B-25949,151.00,9.00,3.00,Clothing,Hankerchief,EMI
B-25930,151.00,29.00,5.00,Clothing,Hankerchief,EMI
B-25655,110.00,-68.00,4.00,Clothing,Saree,EMI
B-25757,98.00,9.00,2.00,Furniture,Furnishings,COD
B-25655,97.00,-62.00,2.00,Clothing,Trousers,COD
B-26033,111.00,35.00,5.00,Clothing,Shirt,COD
B-26083,45.00,17.00,1.00,Electronics,Accessories,COD
B-25805,112.00,15.00,2.00,Furniture,Chairs,COD
B-25955,110.00,20.00,5.00,Clothing,Stole,Debit Card
B-25762,98.00,-5.00,2.00,Clothing,Saree,UPI
B-25919,110.00,12.00,7.00,Clothing,Stole,Debit Card
B-25853,95.00,11.00,4.00,Furniture,Furnishings,COD
B-25925,1228.00,14.00,3.00,Furniture,Chairs,UPI
B-26023,29.00,0.00,3.00,Furniture,Furnishings,COD
B-26055,94.00,27.00,2.00,Clothing,T-shirt,COD
B-25653,115.00,25.00,1.00,Electronics,Accessories,COD
B-25893,149.00,15.00,3.00,Clothing,Saree,EMI
B-26052,148.00,23.00,4.00,Clothing,Kurti,EMI
B-25830,93.00,15.00,2.00,Electronics,Accessories,COD
B-26040,113.00,24.00,4.00,Clothing,Hankerchief,Debit Card
B-25981,48.00,2.00,3.00,Clothing,Stole,COD
B-25954,148.00,9.00,1.00,Electronics,Electronic Games,UPI
B-25889,114.00,11.00,4.00,Clothing,T-shirt,Debit Card
B-25810,92.00,42.00,2.00,Clothing,Stole,COD
B-25637,117.00,14.00,3.00,Clothing,Shirt,UPI
B-25801,21.00,-10.00,4.00,Clothing,Leggings,COD
B-25783,33.00,-10.00,6.00,Clothing,Leggings,UPI
B-25697,114.00,8.00,3.00,Electronics,Accessories,Debit Card
B-26028,115.00,0.00,1.00,Electronics,Accessories,Debit Card
B-25851,90.00,29.00,5.00,Clothing,T-shirt,COD
B-25938,61.00,1.00,2.00,Furniture,Furnishings,COD
B-25820,119.00,1.00,1.00,Furniture,Chairs,COD
B-25850,117.00,36.00,2.00,Clothing,Trousers,Debit Card
B-25924,148.00,54.00,2.00,Furniture,Chairs,UPI
B-25609,249.00,-5.00,4.00,Clothing,Saree,COD
B-25898,147.00,73.00,3.00,Clothing,Stole,UPI
B-25814,118.00,35.00,7.00,Clothing,T-shirt,EMI
B-26087,119.00,56.00,7.00,Clothing,Saree,EMI
B-25901,90.00,27.00,2.00,Clothing,T-shirt,COD
B-26025,32.00,1.00,2.00,Clothing,Stole,COD
B-25631,89.00,-89.00,2.00,Furniture,Furnishings,COD
B-25954,146.00,66.00,1.00,Electronics,Phones,UPI
B-25956,89.00,-37.00,4.00,Clothing,Shirt,COD
B-26096,88.00,11.00,3.00,Electronics,Accessories,COD
B-25862,121.00,41.00,4.00,Clothing,Stole,EMI
B-26054,88.00,20.00,2.00,Clothing,Saree,COD
B-25698,87.00,-83.00,5.00,Clothing,Kurti,COD
B-25606,87.00,4.00,2.00,Clothing,Shirt,COD
B-25928,122.00,15.00,3.00,Electronics,Accessories,EMI
B-26005,87.00,10.00,3.00,Clothing,Stole,COD
B-25963,53.00,8.00,3.00,Furniture,Furnishings,UPI
B-25952,87.00,-32.00,9.00,Clothing,Skirt,COD
B-25683,86.00,-55.00,6.00,Clothing,Saree,COD
B-25914,125.00,22.00,3.00,Clothing,Stole,EMI
B-25828,128.00,-3.00,3.00,Clothing,Saree,Debit Card
B-25743,143.00,-124.00,5.00,Clothing,Saree,UPI
B-26085,86.00,22.00,2.00,Clothing,Saree,COD
B-25869,86.00,9.00,3.00,Clothing,Saree,COD
B-25773,85.00,-9.00,4.00,Clothing,Saree,COD
B-25700,129.00,-75.00,5.00,Clothing,Shirt,Debit Card
B-25921,84.00,-42.00,2.00,Electronics,Accessories,COD
B-25730,83.00,-81.00,3.00,Furniture,Chairs,COD
B-26083,143.00,6.00,2.00,Electronics,Accessories,UPI
B-25849,336.00,123.00,3.00,Electronics,Phones,UPI
B-25909,323.00,122.00,5.00,Electronics,Phones,UPI
B-26038,130.00,61.00,3.00,Clothing,Shirt,Debit Card
B-25999,152.00,-3.00,5.00,Clothing,Saree,COD
B-25928,25.00,10.00,1.00,Furniture,Furnishings,UPI
B-25878,140.00,15.00,5.00,Clothing,Stole,UPI
B-25843,45.00,0.00,2.00,Clothing,Stole,UPI
B-25959,132.00,49.00,3.00,Clothing,Shirt,COD
B-25630,133.00,12.00,5.00,Clothing,Stole,Debit Card
B-25858,82.00,13.00,2.00,Clothing,Shirt,COD
B-26096,140.00,56.00,4.00,Clothing,Shirt,UPI
B-25838,81.00,19.00,7.00,Clothing,Hankerchief,COD
B-25943,137.00,38.00,5.00,Clothing,Hankerchief,Debit Card
B-25780,137.00,-41.00,3.00,Electronics,Phones,Debit Card
B-25949,140.00,57.00,2.00,Clothing,Trousers,Debit Card
B-25892,139.00,30.00,3.00,Clothing,Shirt,UPI
B-26054,138.00,11.00,5.00,Clothing,Stole,UPI
B-25988,79.00,-124.00,9.00,Clothing,Skirt,COD
B-25939,136.00,41.00,3.00,Electronics,Accessories,UPI
B-26083,145.00,16.00,3.00,Clothing,T-shirt,Debit Card
B-26078,44.00,20.00,2.00,Clothing,T-shirt,UPI
B-25902,79.00,6.00,7.00,Clothing,Saree,COD
B-25676,79.00,36.00,4.00,Clothing,Shirt,COD
B-26016,134.00,-13.00,3.00,Electronics,Electronic Games,UPI
B-25950,133.00,5.00,5.00,Clothing,Stole,UPI
B-26056,47.00,20.00,7.00,Clothing,Hankerchief,UPI
B-25645,133.00,-42.00,1.00,Electronics,Printers,UPI
B-25906,78.00,27.00,3.00,Clothing,Stole,COD
B-26017,78.00,7.00,1.00,Furniture,Chairs,COD
B-25644,76.00,-92.00,8.00,Furniture,Furnishings,COD
B-25679,76.00,-50.00,1.00,Clothing,Saree,COD
B-25854,76.00,19.00,3.00,Clothing,Hankerchief,COD
B-25670,74.00,29.00,3.00,Clothing,Stole,COD
B-25792,74.00,-25.00,3.00,Clothing,Stole,COD
B-25808,146.00,-63.00,3.00,Electronics,Electronic Games,Debit Card
B-25750,73.00,-31.00,1.00,Furniture,Bookcases,COD
B-26051,80.00,22.00,3.00,Clothing,Stole,UPI
B-26076,133.00,46.00,5.00,Clothing,Shirt,EMI
B-25946,146.00,7.00,2.00,Electronics,Phones,Debit Card
B-25648,130.00,-41.00,4.00,Clothing,Saree,EMI
B-25992,141.00,41.00,3.00,Clothing,Shirt,UPI
B-25848,147.00,21.00,3.00,Furniture,Furnishings,Debit Card
B-25697,73.00,-7.00,1.00,Electronics,Phones,COD
B-25659,148.00,72.00,7.00,Clothing,T-shirt,Debit Card
B-25716,58.00,0.00,4.00,Clothing,Saree,UPI
B-25652,21.00,-13.00,3.00,Clothing,Leggings,UPI
B-26093,148.00,25.00,3.00,Clothing,Saree,Debit Card
B-25725,144.00,-7.00,4.00,Electronics,Electronic Games,COD
B-25661,145.00,-104.00,5.00,Furniture,Chairs,UPI
B-25693,72.00,-49.00,1.00,Electronics,Phones,COD
B-25910,125.00,15.00,5.00,Clothing,Shirt,EMI
B-25943,149.00,15.00,3.00,Clothing,Saree,Debit Card
B-26100,72.00,16.00,2.00,Clothing,Shirt,COD
B-25830,71.00,0.00,8.00,Clothing,Skirt,COD
B-25932,71.00,-14.00,4.00,Furniture,Furnishings,COD
B-25929,154.00,-85.00,3.00,Furniture,Chairs,EMI
B-25708,191.00,13.00,8.00,Furniture,Furnishings,COD
B-25921,170.00,19.00,5.00,Clothing,T-shirt,UPI
B-25755,47.00,-3.00,2.00,Clothing,Stole,UPI
B-25640,122.00,-47.00,4.00,Clothing,Saree,EMI
B-25838,70.00,26.00,5.00,Clothing,Hankerchief,COD
B-26025,155.00,5.00,3.00,Clothing,Stole,EMI
B-25789,67.00,-86.00,9.00,Furniture,Furnishings,COD
B-25697,67.00,-42.00,3.00,Clothing,Stole,COD
B-25797,148.00,-101.00,2.00,Furniture,Bookcases,UPI
B-26064,122.00,38.00,6.00,Clothing,T-shirt,Credit Card
B-25732,16.00,-5.00,2.00,Clothing,Stole,UPI
B-25654,121.00,-17.00,3.00,Furniture,Furnishings,Credit Card
B-25750,42.00,-15.00,12.00,Clothing,Skirt,UPI
B-25751,65.00,-4.00,6.00,Clothing,Hankerchief,COD
B-25889,119.00,-43.00,7.00,Clothing,Kurti,Credit Card
B-25683,155.00,56.00,3.00,Furniture,Furnishings,EMI
B-25602,119.00,-5.00,8.00,Clothing,Saree,Credit Card
B-25871,118.00,25.00,4.00,Clothing,Hankerchief,Credit Card
B-25953,116.00,22.00,1.00,Electronics,Accessories,Credit Card
B-25950,158.00,-29.00,10.00,Clothing,Hankerchief,EMI
B-26091,158.00,69.00,3.00,Clothing,Stole,EMI
B-25753,65.00,-52.00,3.00,Electronics,Accessories,COD
B-25611,160.00,-59.00,2.00,Clothing,Saree,EMI
B-25935,162.00,20.00,3.00,Furniture,Chairs,EMI
B-25886,63.00,1.00,4.00,Clothing,T-shirt,COD
B-25833,64.00,27.00,5.00,Clothing,Hankerchief,UPI
B-25665,166.00,-113.00,4.00,Electronics,Accessories,EMI
B-25694,167.00,43.00,7.00,Clothing,T-shirt,EMI
B-25668,123.00,17.00,3.00,Furniture,Furnishings,COD
B-25945,63.00,14.00,2.00,Clothing,Shirt,COD
B-25954,891.00,0.00,5.00,Clothing,Saree,COD
B-25818,75.00,28.00,9.00,Clothing,Hankerchief,UPI
B-25861,62.00,6.00,5.00,Clothing,Hankerchief,COD
B-25721,29.00,-18.00,7.00,Clothing,Skirt,UPI
B-26024,168.00,18.00,6.00,Clothing,Stole,Debit Card
B-26056,70.00,24.00,3.00,Clothing,Stole,UPI
B-26050,169.00,55.00,4.00,Clothing,Saree,Debit Card
B-25708,32.00,-8.00,2.00,Clothing,Stole,COD
B-25651,44.00,-8.00,3.00,Clothing,Stole,UPI
B-25616,116.00,-56.00,5.00,Clothing,Stole,Credit Card
B-25827,156.00,21.00,3.00,Furniture,Chairs,COD
B-25996,62.00,6.00,6.00,Clothing,Skirt,COD
B-25830,54.00,1.00,2.00,Clothing,Saree,UPI
B-25951,111.00,11.00,9.00,Clothing,Hankerchief,Credit Card
B-25713,158.00,-63.00,4.00,Furniture,Chairs,UPI
B-25678,7.00,-3.00,2.00,Clothing,Skirt,UPI
B-25901,61.00,28.00,2.00,Clothing,Hankerchief,UPI
B-25798,61.00,-50.00,4.00,Clothing,Hankerchief,COD
B-25902,154.00,26.00,4.00,Electronics,Accessories,COD
B-25851,62.00,1.00,3.00,Clothing,Saree,COD
B-25944,169.00,38.00,3.00,Clothing,Saree,Debit Card
B-25939,61.00,18.00,2.00,Electronics,Accessories,COD
B-25656,61.00,-23.00,2.00,Clothing,Saree,COD
B-25695,171.00,14.00,9.00,Clothing,Shirt,Debit Card
B-25781,60.00,-49.00,8.00,Clothing,Hankerchief,COD
B-25783,25.00,-11.00,1.00,Clothing,Stole,UPI
B-25867,163.00,26.00,4.00,Clothing,Shirt,COD
B-25993,173.00,86.00,1.00,Electronics,Printers,Debit Card
B-25755,257.00,-3.00,2.00,Furniture,Bookcases,UPI
B-25880,108.00,37.00,2.00,Clothing,Stole,Credit Card
B-25941,177.00,41.00,4.00,Clothing,Shirt,Debit Card
B-25757,106.00,15.00,7.00,Clothing,Hankerchief,Credit Card
B-25754,41.00,-14.00,5.00,Clothing,Leggings,UPI
B-25653,168.00,-10.00,3.00,Electronics,Accessories,UPI
B-25821,60.00,21.00,4.00,Clothing,Stole,COD
B-25706,31.00,-11.00,4.00,Clothing,Stole,COD
B-26064,179.00,0.00,2.00,Clothing,Saree,Debit Card
B-25803,106.00,12.00,3.00,Clothing,Trousers,Credit Card
B-26076,60.00,13.00,2.00,Clothing,T-shirt,COD
B-25603,180.00,5.00,3.00,Clothing,Trousers,Debit Card
B-25903,60.00,-10.00,2.00,Furniture,Furnishings,COD
B-25938,59.00,25.00,3.00,Clothing,Stole,COD
B-25868,170.00,73.00,2.00,Electronics,Accessories,UPI
B-25956,59.00,10.00,2.00,Clothing,Hankerchief,COD
B-25652,24.00,-21.00,7.00,Clothing,Skirt,COD
B-25883,105.00,-26.00,8.00,Clothing,Leggings,Credit Card
B-26096,103.00,46.00,2.00,Clothing,Saree,Credit Card
B-25969,171.00,17.00,6.00,Clothing,T-shirt,UPI
B-25951,102.00,13.00,2.00,Clothing,Stole,Credit Card
B-25855,98.00,12.00,2.00,Clothing,Hankerchief,Credit Card
B-26091,59.00,10.00,4.00,Clothing,Leggings,COD
B-25954,189.00,60.00,4.00,Furniture,Furnishings,Debit Card
B-25763,58.00,-52.00,3.00,Furniture,Chairs,COD
B-25945,60.00,3.00,3.00,Clothing,Saree,UPI
B-25740,58.00,-8.00,2.00,Clothing,Saree,COD
B-25818,94.00,20.00,2.00,Furniture,Furnishings,UPI
B-25603,193.00,-166.00,3.00,Clothing,Saree,EMI
B-25964,199.00,0.00,4.00,Clothing,Stole,EMI
B-25930,202.00,89.00,9.00,Clothing,T-shirt,EMI
B-25930,58.00,17.00,2.00,Clothing,Hankerchief,COD
B-25879,57.00,-28.00,2.00,Clothing,Kurti,COD
B-25903,204.00,-94.00,4.00,Clothing,Hankerchief,EMI
B-25614,98.00,-12.00,2.00,Electronics,Electronic Games,Credit Card
B-25750,22.00,-12.00,3.00,Clothing,Stole,COD
B-25852,97.00,17.00,2.00,Clothing,Stole,Credit Card
B-26008,57.00,24.00,5.00,Clothing,Leggings,COD
B-26092,97.00,14.00,2.00,Clothing,T-shirt,Credit Card
B-25689,97.00,17.00,2.00,Clothing,Stole,Credit Card
B-25730,96.00,22.00,5.00,Clothing,Stole,Credit Card
B-25885,94.00,27.00,2.00,Clothing,Shirt,Credit Card
B-25999,26.00,-17.00,1.00,Clothing,Stole,COD
B-26011,93.00,44.00,2.00,Clothing,Stole,Credit Card
B-25754,93.00,-65.00,4.00,Clothing,Stole,Credit Card
B-26030,92.00,5.00,6.00,Clothing,Hankerchief,Credit Card
B-25851,57.00,27.00,2.00,Clothing,T-shirt,COD
B-25870,57.00,7.00,3.00,Furniture,Furnishings,COD
B-26074,57.00,21.00,4.00,Clothing,Leggings,COD
B-25861,128.00,4.00,3.00,Clothing,Saree,COD
B-25797,89.00,-4.00,5.00,Clothing,Saree,Credit Card
B-25993,221.00,26.00,7.00,Furniture,Furnishings,COD
B-25799,205.00,-119.00,3.00,Clothing,Saree,Debit Card
B-25721,191.00,51.00,5.00,Clothing,Shirt,UPI
B-26056,206.00,18.00,4.00,Clothing,Hankerchief,Debit Card
B-25743,56.00,0.00,4.00,Clothing,Hankerchief,COD
B-25854,88.00,16.00,4.00,Clothing,Stole,Credit Card
B-25748,224.00,58.00,3.00,Electronics,Phones,UPI
B-25976,193.00,8.00,4.00,Clothing,T-shirt,UPI
B-25953,87.00,36.00,5.00,Clothing,Stole,Credit Card
B-25996,189.00,4.00,1.00,Clothing,Saree,UPI
B-25717,55.00,-33.00,2.00,Furniture,Chairs,COD
B-25865,85.00,-1.00,3.00,Clothing,Saree,Credit Card
B-25959,252.00,56.00,2.00,Electronics,Phones,UPI
B-25855,197.00,73.00,1.00,Furniture,Bookcases,COD
B-25703,17.00,-3.00,2.00,Clothing,Stole,UPI
B-26049,100.00,28.00,2.00,Clothing,Hankerchief,UPI
B-25755,80.00,-19.00,5.00,Clothing,Stole,UPI
B-26070,75.00,29.00,1.00,Clothing,Trousers,UPI
B-25755,26.00,4.00,2.00,Clothing,Saree,UPI
B-26047,55.00,12.00,5.00,Clothing,Skirt,COD
B-25604,157.00,5.00,9.00,Clothing,Saree,UPI
B-25651,200.00,-60.00,4.00,Furniture,Bookcases,UPI
B-25983,230.00,5.00,2.00,Clothing,Saree,UPI
B-26056,213.00,-145.00,3.00,Furniture,Bookcases,Debit Card
B-25940,55.00,4.00,2.00,Clothing,Stole,COD
B-25766,220.00,-19.00,2.00,Clothing,Saree,Debit Card
B-25935,150.00,32.00,3.00,Clothing,Hankerchief,COD
B-25970,203.00,84.00,2.00,Electronics,Printers,UPI
B-26053,93.00,31.00,3.00,Electronics,Accessories,UPI
B-25947,290.00,35.00,6.00,Clothing,Hankerchief,COD
B-25856,48.00,6.00,1.00,Clothing,Saree,COD
B-26030,221.00,35.00,4.00,Electronics,Accessories,Debit Card
B-26069,55.00,18.00,2.00,Clothing,Kurti,COD
B-25653,227.00,102.00,8.00,Electronics,Accessories,Debit Card
B-25627,55.00,-39.00,4.00,Clothing,Stole,COD
B-25947,207.00,33.00,2.00,Electronics,Accessories,UPI
B-25801,64.00,6.00,4.00,Clothing,Saree,COD
B-25964,89.00,6.00,5.00,Clothing,Saree,COD
B-25950,54.00,27.00,2.00,Clothing,Stole,COD
B-25878,84.00,41.00,3.00,Clothing,T-shirt,Credit Card
B-25773,209.00,-21.00,2.00,Electronics,Electronic Games,UPI
B-26081,79.00,33.00,4.00,Clothing,Stole,UPI
B-26027,54.00,8.00,4.00,Clothing,T-shirt,COD
B-25967,229.00,59.00,9.00,Clothing,Saree,Debit Card
B-25901,158.00,38.00,3.00,Clothing,Hankerchief,UPI
B-25951,248.00,105.00,2.00,Electronics,Phones,Debit Card
B-25853,199.00,6.00,2.00,Clothing,Saree,UPI
B-25923,253.00,-11.00,1.00,Clothing,Trousers,Debit Card
B-25793,257.00,-252.00,4.00,Clothing,Saree,Debit Card
B-26068,193.00,33.00,5.00,Electronics,Accessories,COD
B-26080,109.00,35.00,6.00,Clothing,T-shirt,COD
B-25843,214.00,30.00,3.00,Electronics,Accessories,COD
B-26002,141.00,7.00,7.00,Clothing,Saree,COD
B-25993,201.00,32.00,4.00,Furniture,Furnishings,UPI
B-26070,54.00,12.00,4.00,Clothing,Shirt,COD
B-25887,83.00,6.00,6.00,Clothing,Shirt,EMI
B-25654,54.00,-3.00,3.00,Clothing,Saree,COD
B-25898,53.00,5.00,3.00,Clothing,T-shirt,COD
B-25664,258.00,-27.00,2.00,Electronics,Phones,Debit Card
B-26012,199.00,8.00,2.00,Clothing,Saree,COD
B-25979,82.00,-27.00,3.00,Clothing,Kurti,EMI
B-26054,139.00,36.00,3.00,Clothing,Stole,COD
B-25757,53.00,15.00,2.00,Clothing,Stole,COD
B-25623,53.00,1.00,4.00,Clothing,Stole,COD
B-25824,101.00,38.00,2.00,Furniture,Furnishings,COD
B-25754,262.00,215.00,2.00,Electronics,Printers,Debit Card
B-25693,82.00,-39.00,5.00,Clothing,T-shirt,EMI
B-25638,154.00,39.00,3.00,Clothing,Hankerchief,COD
B-25922,52.00,18.00,2.00,Clothing,Stole,COD
B-25919,1599.00,37.00,6.00,Electronics,Electronic Games,UPI
B-25989,338.00,41.00,7.00,Clothing,Hankerchief,UPI
B-25999,51.00,-49.00,2.00,Electronics,Electronic Games,COD
B-25661,224.00,-81.00,3.00,Furniture,Chairs,COD
B-26099,207.00,37.00,4.00,Clothing,Hankerchief,COD
B-25866,51.00,14.00,2.00,Clothing,Stole,COD
B-26098,82.00,8.00,3.00,Electronics,Accessories,EMI
B-26062,50.00,-17.00,2.00,Clothing,Stole,COD
B-25761,263.00,-31.00,9.00,Electronics,Electronic Games,Debit Card
B-25843,50.00,7.00,6.00,Clothing,Skirt,COD
B-25683,245.00,-3.00,4.00,Electronics,Phones,UPI
B-25959,82.00,24.00,6.00,Clothing,Hankerchief,EMI
B-25787,229.00,-41.00,8.00,Electronics,Accessories,COD
B-25951,50.00,14.00,1.00,Electronics,Electronic Games,COD
B-26056,220.00,40.00,2.00,Electronics,Accessories,COD
B-25643,263.00,-63.00,2.00,Electronics,Electronic Games,Debit Card
B-26093,81.00,-41.00,5.00,Clothing,Leggings,EMI
B-25775,50.00,-17.00,2.00,Clothing,Stole,COD
B-26093,49.00,5.00,4.00,Clothing,Hankerchief,COD
B-25851,237.00,47.00,9.00,Clothing,T-shirt,UPI
B-25685,264.00,-30.00,3.00,Furniture,Furnishings,Debit Card
B-25651,49.00,3.00,1.00,Clothing,Shirt,COD
B-25793,63.00,-24.00,6.00,Clothing,Kurti,COD
B-25708,81.00,-51.00,7.00,Clothing,Stole,EMI
B-25847,264.00,71.00,10.00,Furniture,Furnishings,Debit Card
B-25954,48.00,11.00,2.00,Clothing,Shirt,COD
B-25997,48.00,15.00,1.00,Clothing,Hankerchief,COD
B-25650,245.00,-78.00,2.00,Electronics,Printers,UPI
B-25883,146.00,42.00,5.00,Clothing,Hankerchief,UPI
B-25945,245.00,10.00,2.00,Furniture,Bookcases,COD
B-25981,245.00,91.00,2.00,Furniture,Bookcases,UPI
B-25862,80.00,3.00,3.00,Clothing,Stole,EMI
B-25877,269.00,33.00,5.00,Furniture,Chairs,Debit Card
B-26090,80.00,22.00,3.00,Clothing,Stole,EMI
B-26050,284.00,44.00,6.00,Clothing,Hankerchief,COD
B-26072,313.00,44.00,3.00,Electronics,Electronic Games,COD
B-25916,80.00,-26.00,9.00,Clothing,Skirt,EMI
B-25722,48.00,-8.00,8.00,Clothing,Stole,COD
B-25746,87.00,16.00,2.00,Clothing,Saree,UPI
B-25753,47.00,-114.00,5.00,Furniture,Furnishings,COD
B-25956,140.00,28.00,2.00,Electronics,Phones,COD
B-25996,47.00,1.00,2.00,Clothing,Stole,COD
B-25896,79.00,-2.00,2.00,Furniture,Furnishings,EMI
B-25796,78.00,-64.00,7.00,Clothing,Stole,EMI
B-25798,47.00,-3.00,2.00,Clothing,Stole,COD
B-26043,185.00,48.00,4.00,Clothing,Stole,UPI
B-26028,77.00,36.00,2.00,Clothing,Shirt,EMI
B-25812,259.00,47.00,5.00,Clothing,Hankerchief,UPI
B-25605,75.00,0.00,7.00,Clothing,Saree,EMI
B-25702,75.00,0.00,3.00,Clothing,Shirt,EMI
B-25940,46.00,0.00,4.00,Clothing,Leggings,COD
B-26087,46.00,13.00,3.00,Clothing,Hankerchief,COD
B-25955,200.00,13.00,5.00,Electronics,Phones,COD
B-25626,46.00,-14.00,1.00,Electronics,Phones,COD
B-25811,126.00,52.00,4.00,Clothing,Hankerchief,UPI
B-25856,74.00,29.00,3.00,Clothing,Stole,EMI
B-25628,45.00,13.00,4.00,Clothing,Skirt,COD
B-26016,74.00,9.00,3.00,Clothing,Shirt,UPI
B-25999,129.00,11.00,2.00,Electronics,Phones,UPI
B-26043,122.00,50.00,7.00,Clothing,Stole,UPI
B-25743,74.00,-51.00,3.00,Clothing,Stole,UPI
B-26014,278.00,39.00,5.00,Furniture,Chairs,Debit Card
B-25876,282.00,14.00,4.00,Clothing,Trousers,Debit Card
B-25785,45.00,0.00,2.00,Clothing,T-shirt,COD
B-25810,45.00,6.00,3.00,Clothing,Shirt,COD
B-25833,45.00,16.00,3.00,Clothing,Stole,COD
B-25931,73.00,-36.00,3.00,Furniture,Chairs,UPI
B-25852,45.00,12.00,4.00,Clothing,Hankerchief,COD
B-25738,72.00,-6.00,3.00,Clothing,Saree,UPI
B-25921,71.00,-44.00,5.00,Electronics,Accessories,UPI
B-25685,45.00,-2.00,4.00,Clothing,Shirt,COD
B-25996,286.00,140.00,6.00,Clothing,Shirt,Debit Card
B-25663,294.00,138.00,2.00,Electronics,Printers,Debit Card
B-25888,223.00,4.00,3.00,Electronics,Phones,COD
B-25677,20.00,-2.00,1.00,Electronics,Accessories,UPI
B-26045,302.00,75.00,6.00,Furniture,Furnishings,Debit Card
B-26002,113.00,28.00,2.00,Clothing,Saree,UPI
B-25953,44.00,2.00,3.00,Clothing,Hankerchief,COD
B-25617,305.00,-270.00,5.00,Electronics,Electronic Games,Debit Card
B-25702,306.00,-147.00,3.00,Clothing,Saree,Debit Card
B-25799,70.00,-64.00,5.00,Clothing,Stole,UPI
B-25985,44.00,11.00,4.00,Clothing,Stole,COD
B-25952,44.00,14.00,3.00,Clothing,Hankerchief,COD
B-25754,319.00,312.00,5.00,Clothing,Saree,Debit Card
B-25770,287.00,-280.00,12.00,Furniture,Chairs,UPI
B-25954,44.00,10.00,3.00,Clothing,Stole,COD
B-25657,288.00,-180.00,4.00,Furniture,Chairs,COD
B-25801,49.00,-31.00,2.00,Clothing,Stole,COD
B-26000,43.00,-10.00,4.00,Clothing,Skirt,COD
B-25897,43.00,5.00,3.00,Clothing,Stole,COD
B-25681,68.00,-27.00,3.00,Electronics,Accessories,UPI
B-25852,320.00,144.00,1.00,Electronics,Printers,Debit Card
B-26067,67.00,2.00,4.00,Clothing,T-shirt,UPI
B-25601,66.00,-12.00,5.00,Clothing,Stole,UPI
B-25804,321.00,26.00,3.00,Electronics,Printers,Debit Card
B-25751,43.00,-5.00,2.00,Clothing,Saree,COD
B-25630,114.00,-39.00,5.00,Clothing,Kurti,COD
B-25899,43.00,17.00,1.00,Clothing,Saree,COD
B-25751,43.00,21.00,3.00,Clothing,Shirt,COD
B-26081,637.00,50.00,5.00,Clothing,Saree,COD
B-25851,300.00,42.00,2.00,Electronics,Printers,COD
B-26036,341.00,44.00,7.00,Furniture,Furnishings,UPI
B-25704,102.00,0.00,3.00,Electronics,Phones,COD
B-25761,328.00,-15.00,3.00,Electronics,Electronic Games,Debit Card
B-25978,341.00,160.00,7.00,Clothing,Stole,Debit Card
B-26077,62.00,11.00,7.00,Clothing,Hankerchief,UPI
B-25981,42.00,13.00,3.00,Clothing,Leggings,COD
B-26043,62.00,28.00,5.00,Clothing,Hankerchief,UPI
B-25896,42.00,7.00,2.00,Clothing,Kurti,COD
B-25790,42.00,-3.00,1.00,Electronics,Electronic Games,COD
B-25789,313.00,-13.00,5.00,Furniture,Bookcases,UPI
B-26061,109.00,52.00,2.00,Clothing,Stole,UPI
B-25923,226.00,58.00,3.00,Electronics,Accessories,COD
B-25868,62.00,-1.00,1.00,Electronics,Phones,UPI
B-25777,61.00,-25.00,4.00,Electronics,Accessories,UPI
B-25999,222.00,74.00,5.00,Clothing,Hankerchief,COD
B-25854,342.00,-154.00,7.00,Furniture,Furnishings,Debit Card
B-25667,344.00,-34.00,3.00,Clothing,Saree,Debit Card
B-25829,345.00,38.00,7.00,Clothing,Hankerchief,Debit Card
B-25705,46.00,0.00,2.00,Electronics,Electronic Games,COD
B-25843,255.00,74.00,5.00,Clothing,Hankerchief,COD
B-25958,360.00,32.00,3.00,Clothing,Saree,UPI
B-25893,372.00,59.00,3.00,Electronics,Printers,UPI
B-25855,61.00,30.00,2.00,Clothing,Hankerchief,UPI
B-25616,42.00,12.00,5.00,Clothing,Hankerchief,COD
B-25630,42.00,-26.00,2.00,Clothing,Kurti,COD
B-25936,61.00,25.00,4.00,Clothing,Saree,UPI
B-25830,41.00,11.00,6.00,Clothing,Hankerchief,COD
B-25930,40.00,13.00,3.00,Clothing,T-shirt,COD
B-25808,59.00,21.00,2.00,Clothing,Stole,UPI
B-25979,57.00,27.00,2.00,Clothing,Shirt,UPI
B-25687,17.00,6.00,1.00,Clothing,Stole,UPI
B-26087,40.00,10.00,2.00,Clothing,Stole,COD
B-25764,349.00,-24.00,2.00,Clothing,Saree,Debit Card
B-25782,335.00,-22.00,7.00,Furniture,Chairs,UPI
B-25854,40.00,16.00,3.00,Clothing,Hankerchief,COD
B-26085,40.00,17.00,2.00,Clothing,Stole,COD
B-25630,40.00,-7.00,3.00,Clothing,Stole,COD
B-25999,352.00,74.00,8.00,Clothing,Stole,Debit Card
B-25648,55.00,-26.00,4.00,Clothing,Saree,UPI
B-25952,352.00,18.00,5.00,Clothing,Trousers,Debit Card
B-25710,53.00,-18.00,4.00,Clothing,T-shirt,UPI
B-25685,51.00,7.00,2.00,Furniture,Furnishings,UPI
B-25740,40.00,-37.00,3.00,Clothing,Stole,COD
B-25973,39.00,14.00,5.00,Clothing,Leggings,COD
B-25769,355.00,-4.00,2.00,Clothing,Saree,Debit Card
B-25687,357.00,139.00,2.00,Clothing,Saree,Debit Card
B-25603,38.00,18.00,1.00,Clothing,Kurti,COD
B-26050,38.00,9.00,2.00,Clothing,Stole,COD
B-25748,141.00,10.00,4.00,Clothing,Shirt,UPI
B-25833,36.00,4.00,9.00,Clothing,Hankerchief,COD
B-25930,351.00,-94.00,5.00,Electronics,Electronic Games,COD
B-26035,369.00,15.00,3.00,Electronics,Electronic Games,Debit Card
B-25851,53.00,24.00,6.00,Clothing,Hankerchief,EMI
B-25718,371.00,115.00,1.00,Furniture,Bookcases,Debit Card
B-25898,499.00,33.00,4.00,Clothing,Saree,COD
B-25893,223.00,62.00,7.00,Clothing,Shirt,COD
B-25983,50.00,-4.00,6.00,Clothing,T-shirt,EMI
B-26056,391.00,90.00,6.00,Electronics,Phones,Debit Card
B-25715,416.00,137.00,3.00,Electronics,Phones,Debit Card
B-25702,424.00,-17.00,9.00,Furniture,Chairs,Debit Card
B-25618,362.00,127.00,1.00,Furniture,Bookcases,COD
B-25643,36.00,-7.00,1.00,Electronics,Electronic Games,COD
B-25961,34.00,-10.00,3.00,Clothing,Skirt,COD
B-25873,367.00,73.00,3.00,Electronics,Electronic Games,UPI
B-26053,425.00,208.00,7.00,Clothing,Saree,Debit Card
B-25683,433.00,26.00,3.00,Electronics,Printers,Debit Card
B-25718,460.00,31.00,3.00,Furniture,Bookcases,Debit Card
B-25753,62.00,-56.00,5.00,Clothing,Kurti,COD
B-25852,50.00,16.00,1.00,Clothing,Stole,EMI
B-25914,460.00,-143.00,3.00,Furniture,Chairs,Debit Card
B-26083,34.00,3.00,3.00,Clothing,Saree,COD
B-25857,227.00,59.00,2.00,Furniture,Furnishings,UPI
B-25939,469.00,33.00,4.00,Electronics,Electronic Games,Debit Card
B-25851,103.00,46.00,2.00,Clothing,Saree,UPI
B-25699,34.00,-13.00,5.00,Clothing,Leggings,COD
B-26078,137.00,63.00,3.00,Clothing,Stole,COD
B-26075,34.00,12.00,2.00,Clothing,Stole,COD
B-25956,474.00,56.00,4.00,Electronics,Phones,Debit Card
B-25861,50.00,3.00,2.00,Clothing,Stole,EMI
B-25777,69.00,-67.00,4.00,Clothing,Kurti,UPI
B-25634,389.00,-83.00,3.00,Furniture,Chairs,UPI
B-25753,77.00,-43.00,8.00,Clothing,Stole,COD
B-25687,51.00,21.00,3.00,Clothing,T-shirt,COD
B-25885,394.00,146.00,2.00,Furniture,Bookcases,UPI
B-25767,48.00,-22.00,2.00,Clothing,Saree,EMI
B-25961,34.00,-12.00,5.00,Clothing,Leggings,COD
B-25923,484.00,28.00,3.00,Electronics,Printers,Debit Card
B-25799,47.00,-27.00,4.00,Clothing,Saree,EMI
B-25955,45.00,8.00,4.00,Clothing,Skirt,EMI
B-26015,128.00,55.00,1.00,Clothing,Saree,COD
B-26051,669.00,74.00,5.00,Furniture,Bookcases,COD
B-25822,34.00,13.00,2.00,Clothing,Saree,COD
B-25989,44.00,14.00,3.00,Clothing,Hankerchief,Credit Card
B-25910,33.00,1.00,2.00,Clothing,Shirt,COD
B-25956,33.00,10.00,3.00,Clothing,Hankerchief,COD
B-25986,487.00,-23.00,3.00,Electronics,Printers,Debit Card
B-26098,497.00,179.00,3.00,Furniture,Chairs,Debit Card
B-26061,508.00,203.00,2.00,Electronics,Accessories,Debit Card
B-25954,524.00,-25.00,2.00,Electronics,Electronic Games,Debit Card
B-26034,425.00,183.00,5.00,Electronics,Accessories,UPI
B-25909,168.00,56.00,3.00,Clothing,Saree,COD
B-25692,141.00,28.00,7.00,Furniture,Furnishings,UPI
B-25959,429.00,17.00,3.00,Furniture,Chairs,UPI
B-25745,44.00,-8.00,3.00,Clothing,Stole,Credit Card
B-25689,149.00,136.00,3.00,Clothing,Stole,UPI
B-25786,44.00,-34.00,3.00,Clothing,Stole,Credit Card
B-25897,33.00,10.00,3.00,Clothing,Hankerchief,COD
B-26056,33.00,9.00,2.00,Clothing,Hankerchief,COD
B-25855,442.00,31.00,2.00,Electronics,Electronic Games,UPI
B-25667,41.00,6.00,5.00,Clothing,Skirt,Credit Card
B-25701,33.00,-12.00,5.00,Clothing,Hankerchief,COD
B-26046,32.00,3.00,8.00,Clothing,Hankerchief,COD
B-25676,32.00,6.00,3.00,Clothing,Shirt,COD
B-26045,179.00,77.00,1.00,Clothing,Saree,UPI
B-25889,31.00,10.00,1.00,Clothing,Kurti,COD
B-25900,140.00,68.00,5.00,Clothing,T-shirt,COD
B-25685,529.00,137.00,3.00,Electronics,Phones,Debit Card
B-25622,534.00,0.00,3.00,Clothing,Saree,Debit Card
B-25709,41.00,-6.00,1.00,Furniture,Chairs,Credit Card
B-25798,379.00,63.00,2.00,Clothing,Saree,COD
B-25933,81.00,-44.00,3.00,Clothing,Stole,COD
B-25793,40.00,-33.00,5.00,Clothing,Hankerchief,Credit Card
B-25951,40.00,18.00,1.00,Electronics,Accessories,Credit Card
B-25656,534.00,0.00,3.00,Clothing,Saree,Debit Card
B-26056,31.00,9.00,2.00,Clothing,Hankerchief,COD
B-25870,473.00,-113.00,9.00,Clothing,Hankerchief,UPI
B-25690,31.00,-10.00,3.00,Clothing,Skirt,COD
B-25702,31.00,-3.00,4.00,Clothing,Saree,COD
B-25752,91.00,15.00,6.00,Clothing,T-shirt,UPI
B-25781,30.00,-25.00,2.00,Clothing,T-shirt,COD
B-26038,30.00,6.00,1.00,Clothing,T-shirt,COD
B-25761,40.00,0.00,3.00,Clothing,Saree,Credit Card
B-25751,534.00,5.00,2.00,Electronics,Electronic Games,Debit Card
B-25750,539.00,-146.00,7.00,Furniture,Furnishings,Debit Card
B-25726,490.00,-128.00,8.00,Furniture,Bookcases,UPI
B-26048,163.00,81.00,2.00,Electronics,Accessories,COD
B-26051,184.00,85.00,6.00,Clothing,T-shirt,UPI
B-25614,494.00,54.00,4.00,Furniture,Bookcases,COD
B-25907,30.00,11.00,5.00,Clothing,Hankerchief,COD
B-25789,30.00,0.00,1.00,Clothing,Kurti,COD
B-26097,39.00,-18.00,2.00,Clothing,Leggings,Credit Card
B-25902,1700.00,85.00,3.00,Clothing,Trousers,COD
B-25657,332.00,-43.00,6.00,Electronics,Phones,UPI
B-25854,436.00,131.00,9.00,Clothing,Hankerchief,UPI
B-25610,30.00,-5.00,2.00,Furniture,Furnishings,COD
B-25733,30.00,-10.00,2.00,Clothing,Stole,COD
B-25798,38.00,-13.00,3.00,Clothing,Stole,Credit Card
B-25803,511.00,194.00,3.00,Furniture,Chairs,UPI
B-25755,37.00,-53.00,3.00,Clothing,Saree,Credit Card
B-25850,513.00,215.00,2.00,Electronics,Accessories,COD
B-25667,516.00,69.00,4.00,Furniture,Bookcases,UPI
B-25796,559.00,-19.00,2.00,Clothing,Trousers,Debit Card
B-26013,29.00,-10.00,3.00,Clothing,Skirt,COD
B-25683,148.00,52.00,5.00,Clothing,Stole,UPI
B-26054,559.00,-174.00,2.00,Electronics,Electronic Games,Debit Card
B-26010,527.00,26.00,3.00,Electronics,Electronic Games,COD
B-25979,560.00,44.00,3.00,Clothing,Saree,Debit Card
B-25973,571.00,108.00,12.00,Clothing,Stole,Debit Card
B-25975,29.00,2.00,3.00,Clothing,Skirt,COD
B-26010,29.00,3.00,2.00,Clothing,Stole,COD
B-25767,29.00,-3.00,3.00,Clothing,Saree,COD
B-25815,35.00,14.00,2.00,Clothing,Stole,Credit Card
B-25853,579.00,139.00,3.00,Electronics,Printers,Debit Card
B-25756,29.00,-24.00,4.00,Clothing,Leggings,COD
B-25755,593.00,213.00,4.00,Furniture,Bookcases,Debit Card
B-25996,217.00,72.00,2.00,Furniture,Furnishings,COD
B-25619,353.00,90.00,8.00,Clothing,Saree,COD
B-26050,382.00,92.00,2.00,Electronics,Printers,COD
B-26000,597.00,93.00,4.00,Furniture,Chairs,Debit Card
B-26058,212.00,97.00,7.00,Clothing,Hankerchief,COD
B-25856,689.00,90.00,5.00,Clothing,Saree,COD
B-26044,28.00,-10.00,3.00,Clothing,Skirt,COD
B-25654,34.00,12.00,3.00,Clothing,Hankerchief,Credit Card
B-26051,600.00,-102.00,5.00,Electronics,Electronic Games,Debit Card
B-25636,637.00,113.00,5.00,Clothing,Saree,UPI
B-25710,616.00,-69.00,7.00,Furniture,Furnishings,Debit Card
B-25656,624.00,37.00,2.00,Electronics,Electronic Games,Debit Card
B-25919,28.00,4.00,1.00,Clothing,T-shirt,COD
B-25781,584.00,-444.00,7.00,Electronics,Printers,UPI
B-25899,28.00,6.00,4.00,Clothing,Skirt,COD
B-26093,33.00,-1.00,1.00,Clothing,Saree,Credit Card
B-25753,27.00,-20.00,2.00,Clothing,Hankerchief,COD
B-25858,27.00,5.00,2.00,Clothing,Skirt,COD
B-25762,27.00,4.00,3.00,Clothing,Skirt,COD
B-25625,635.00,-349.00,5.00,Clothing,Saree,Debit Card
B-25857,598.00,166.00,4.00,Furniture,Bookcases,UPI
B-25919,636.00,-204.00,2.00,Electronics,Printers,Debit Card
B-25864,27.00,9.00,2.00,Clothing,Hankerchief,COD
B-25698,27.00,-6.00,4.00,Clothing,Hankerchief,COD
B-25959,637.00,212.00,8.00,Electronics,Phones,Debit Card
B-26073,290.00,110.00,9.00,Clothing,Stole,UPI
B-25649,27.00,-25.00,2.00,Clothing,Stole,COD
B-25806,632.00,-114.00,4.00,Furniture,Tables,UPI
B-25756,643.00,-45.00,2.00,Electronics,Printers,Debit Card
B-26003,652.00,13.00,6.00,Furniture,Furnishings,Debit Card
B-25752,33.00,-27.00,1.00,Furniture,Chairs,Credit Card
B-25783,26.00,2.00,2.00,Clothing,Hankerchief,COD
B-25802,633.00,-633.00,11.00,Electronics,Accessories,UPI
B-25881,26.00,9.00,2.00,Clothing,Leggings,COD
B-25898,191.00,93.00,4.00,Clothing,Shirt,UPI
B-25696,887.00,80.00,3.00,Electronics,Printers,UPI
B-25826,637.00,261.00,2.00,Electronics,Printers,COD
B-25745,670.00,15.00,5.00,Furniture,Bookcases,Debit Card
B-25943,26.00,7.00,4.00,Clothing,Hankerchief,COD
B-26051,676.00,195.00,5.00,Furniture,Bookcases,Debit Card
B-25624,26.00,12.00,3.00,Clothing,Hankerchief,COD
B-25723,26.00,-24.00,1.00,Clothing,Stole,COD
B-26052,25.00,7.00,2.00,Clothing,Stole,COD
B-25603,24.00,-30.00,1.00,Furniture,Chairs,COD
B-25983,32.00,-12.00,1.00,Furniture,Chairs,Credit Card
B-25650,31.00,-2.00,2.00,Clothing,Saree,Credit Card
B-25656,651.00,169.00,5.00,Electronics,Printers,COD
B-26018,326.00,107.00,3.00,Furniture,Furnishings,UPI
B-25783,30.00,-6.00,2.00,Clothing,Hankerchief,UPI
B-25951,30.00,5.00,2.00,Clothing,Kurti,UPI
B-25974,662.00,240.00,2.00,Furniture,Bookcases,COD
B-25754,30.00,-23.00,2.00,Clothing,Saree,UPI
B-26073,29.00,9.00,3.00,Clothing,Saree,UPI
B-25796,28.00,1.00,1.00,Electronics,Accessories,UPI
B-25653,28.00,-3.00,2.00,Clothing,Saree,UPI
B-25884,24.00,2.00,4.00,Clothing,Hankerchief,COD
B-25650,28.00,-26.00,2.00,Clothing,Stole,UPI
B-26045,27.00,5.00,1.00,Clothing,Stole,UPI
B-25672,27.00,-15.00,1.00,Clothing,Stole,UPI
B-25949,24.00,11.00,3.00,Clothing,Hankerchief,COD
B-25733,23.00,-6.00,4.00,Clothing,Hankerchief,COD
B-25697,322.00,193.00,5.00,Electronics,Printers,COD
B-25893,688.00,-103.00,6.00,Electronics,Accessories,Debit Card
B-25802,23.00,-3.00,1.00,Clothing,Shirt,COD
B-25961,26.00,3.00,3.00,Clothing,Skirt,UPI
B-25751,68.00,-56.00,2.00,Electronics,Phones,COD
B-25814,462.00,169.00,4.00,Clothing,Saree,COD
B-25702,941.00,203.00,3.00,Furniture,Tables,UPI
B-25896,23.00,4.00,2.00,Clothing,Skirt,COD
B-25969,720.00,43.00,2.00,Electronics,Printers,UPI
B-25778,724.00,-447.00,4.00,Electronics,Electronic Games,UPI
B-25859,724.00,253.00,2.00,Furniture,Bookcases,UPI
B-25810,26.00,10.00,4.00,Clothing,Hankerchief,UPI
B-25616,22.00,-2.00,3.00,Clothing,Hankerchief,COD
B-25633,711.00,-8.00,4.00,Clothing,Saree,Debit Card
B-25753,107.00,31.00,5.00,Clothing,T-shirt,COD
B-25764,765.00,-153.00,2.00,Electronics,Phones,Debit Card
B-25864,22.00,8.00,2.00,Clothing,Leggings,COD
B-25725,26.00,-5.00,2.00,Clothing,Stole,UPI
B-25858,22.00,8.00,3.00,Clothing,Hankerchief,COD
B-25817,743.00,89.00,5.00,Electronics,Printers,UPI
B-25703,22.00,-15.00,4.00,Clothing,Kurti,COD
B-25610,781.00,594.00,6.00,Electronics,Printers,Debit Card
B-25652,25.00,-2.00,5.00,Clothing,Hankerchief,UPI
B-25891,25.00,2.00,2.00,Clothing,Hankerchief,UPI
B-25764,119.00,43.00,5.00,Clothing,T-shirt,COD
B-25664,785.00,52.00,2.00,Electronics,Phones,Debit Card
B-25645,183.00,-66.00,5.00,Electronics,Phones,UPI
B-26008,22.00,4.00,1.00,Clothing,Stole,COD
B-26061,642.00,180.00,5.00,Clothing,Saree,COD
B-25781,767.00,-353.00,5.00,Clothing,Trousers,COD
B-25999,770.00,323.00,3.00,Electronics,Accessories,COD
B-25783,21.00,-17.00,3.00,Clothing,Shirt,COD
B-25800,21.00,-6.00,3.00,Clothing,Leggings,COD
B-26093,492.00,187.00,2.00,Electronics,Accessories,UPI
B-25638,816.00,-96.00,3.00,Electronics,Printers,Debit Card
B-26026,25.00,2.00,3.00,Clothing,Kurti,Credit Card
B-25902,802.00,120.00,7.00,Electronics,Accessories,COD
B-25968,811.00,154.00,7.00,Electronics,Accessories,UPI
B-26099,835.00,267.00,5.00,Electronics,Phones,Debit Card
B-25699,21.00,-5.00,1.00,Electronics,Accessories,COD
B-26076,450.00,-190.00,4.00,Furniture,Bookcases,COD
B-25793,24.00,-1.00,4.00,Clothing,Skirt,Credit Card
B-25671,832.00,0.00,3.00,Clothing,Trousers,UPI
B-26040,833.00,93.00,3.00,Clothing,Trousers,UPI
B-26059,20.00,6.00,1.00,Clothing,T-shirt,COD
B-25725,23.00,-5.00,7.00,Clothing,Hankerchief,Credit Card
B-25855,550.00,-242.00,5.00,Furniture,Furnishings,UPI
B-25738,148.00,-91.00,2.00,Electronics,Phones,COD
B-25899,846.00,9.00,2.00,Furniture,Chairs,Debit Card
B-25608,856.00,385.00,6.00,Electronics,Printers,COD
B-25904,871.00,131.00,2.00,Furniture,Bookcases,UPI
B-26056,19.00,-18.00,4.00,Clothing,Kurti,COD
B-25669,610.00,-66.00,2.00,Furniture,Tables,COD
B-25638,880.00,97.00,8.00,Furniture,Furnishings,Debit Card
B-25953,22.00,-8.00,4.00,Clothing,Hankerchief,Credit Card
B-25841,22.00,11.00,2.00,Clothing,Skirt,Credit Card
B-26071,21.00,4.00,3.00,Clothing,Hankerchief,Credit Card
B-25793,18.00,1.00,3.00,Clothing,Hankerchief,COD
B-25813,911.00,202.00,7.00,Furniture,Chairs,COD
B-26010,18.00,2.00,3.00,Clothing,Hankerchief,COD
B-25825,911.00,355.00,5.00,Electronics,Phones,Debit Card
B-25630,143.00,-129.00,2.00,Electronics,Phones,COD
B-25986,918.00,22.00,9.00,Electronics,Electronic Games,COD
B-25650,925.00,-447.00,5.00,Electronics,Electronic Games,COD
B-26078,17.00,8.00,2.00,Clothing,Skirt,COD
B-25890,465.00,207.00,9.00,Clothing,Saree,COD
B-25691,17.00,-9.00,3.00,Clothing,Stole,COD
B-25952,935.00,114.00,4.00,Electronics,Electronic Games,UPI
B-25651,16.00,-10.00,2.00,Clothing,T-shirt,COD
B-25955,954.00,95.00,3.00,Electronics,Printers,UPI
B-25898,915.00,-99.00,3.00,Furniture,Tables,Debit Card
B-25838,955.00,305.00,3.00,Electronics,Printers,Debit Card
B-25797,976.00,293.00,4.00,Electronics,Accessories,COD
B-25738,1069.00,0.00,6.00,Clothing,Saree,EMI
B-25661,19.00,-15.00,3.00,Clothing,Hankerchief,Credit Card
B-25997,16.00,6.00,3.00,Clothing,Hankerchief,COD
B-25667,1030.00,206.00,8.00,Electronics,Printers,UPI
B-25753,620.00,82.00,6.00,Electronics,Accessories,COD
B-25848,16.00,8.00,2.00,Clothing,Hankerchief,COD
B-26097,19.00,8.00,2.00,Clothing,Hankerchief,Credit Card
B-25633,249.00,-130.00,4.00,Electronics,Phones,UPI
B-25807,16.00,6.00,1.00,Clothing,Stole,COD
B-25752,1361.00,197.00,9.00,Furniture,Bookcases,COD
B-26052,15.00,1.00,1.00,Clothing,Shirt,COD
B-25610,1076.00,-38.00,4.00,Electronics,Printers,COD
B-25888,18.00,2.00,3.00,Clothing,Hankerchief,Credit Card
B-25937,1101.00,352.00,3.00,Furniture,Bookcases,UPI
B-25828,15.00,2.00,1.00,Clothing,Leggings,COD
B-26048,1104.00,209.00,4.00,Clothing,Trousers,UPI
B-25670,14.00,2.00,1.00,Clothing,Hankerchief,COD
B-25757,14.00,5.00,1.00,Clothing,Hankerchief,COD
B-25751,14.00,-3.00,2.00,Clothing,Leggings,COD
B-25687,14.00,-1.00,4.00,Clothing,Kurti,COD
B-25710,13.00,-8.00,1.00,Clothing,T-shirt,COD
B-25656,13.00,-1.00,3.00,Clothing,Hankerchief,COD
B-25601,1275.00,1148.00,7.00,Furniture,Bookcases,EMI
B-26053,17.00,1.00,2.00,Clothing,Skirt,Credit Card
B-26001,13.00,0.00,2.00,Clothing,Hankerchief,COD
B-25964,1270.00,546.00,11.00,Electronics,Electronic Games,EMI
B-26062,13.00,-2.00,1.00,Clothing,Stole,COD
B-25982,13.00,3.00,1.00,Clothing,Leggings,COD
B-25864,17.00,5.00,1.00,Clothing,Hankerchief,UPI
B-25693,13.00,-13.00,2.00,Clothing,Skirt,COD
B-25802,13.00,-9.00,2.00,Clothing,Skirt,COD
B-25676,1263.00,-56.00,5.00,Clothing,Trousers,EMI
B-25639,1629.00,-153.00,3.00,Electronics,Phones,COD
B-25757,17.00,7.00,3.00,Clothing,Hankerchief,UPI
B-26003,17.00,2.00,2.00,Clothing,Skirt,UPI
B-26055,1250.00,-12.00,2.00,Electronics,Printers,EMI
B-25786,17.00,-11.00,3.00,Clothing,Skirt,UPI
B-25919,977.00,-244.00,7.00,Electronics,Phones,COD
B-25894,1246.00,62.00,3.00,Furniture,Bookcases,EMI
B-25979,12.00,1.00,2.00,Clothing,Hankerchief,COD
B-25651,11.00,-4.00,2.00,Clothing,Skirt,COD
B-25653,1327.00,318.00,8.00,Furniture,Chairs,EMI
B-25855,1319.00,567.00,5.00,Electronics,Printers,COD
B-25793,1402.00,109.00,11.00,Clothing,Saree,EMI
B-26073,1514.00,742.00,4.00,Electronics,Printers,EMI
B-25881,1351.00,111.00,6.00,Electronics,Electronic Games,COD
B-25603,1355.00,-60.00,5.00,Clothing,Trousers,COD
B-25851,10.00,2.00,2.00,Clothing,Hankerchief,COD
B-25883,10.00,-2.00,2.00,Clothing,Leggings,COD
B-25768,1582.00,-443.00,6.00,Clothing,Trousers,EMI
B-25953,1218.00,352.00,9.00,Furniture,Bookcases,EMI
B-25755,321.00,315.00,5.00,Clothing,Saree,UPI
B-26057,736.00,346.00,5.00,Electronics,Printers,COD
B-26055,1218.00,-420.00,8.00,Furniture,Bookcases,COD
B-25855,1027.00,441.00,8.00,Clothing,Saree,COD
B-25989,10.00,5.00,1.00,Clothing,Stole,COD
B-26099,2366.00,552.00,5.00,Clothing,Trousers,UPI
B-25652,9.00,-6.00,2.00,Clothing,Hankerchief,COD
B-25723,16.00,-12.00,2.00,Clothing,Stole,UPI
B-26099,9.00,3.00,1.00,Clothing,Skirt,COD
B-25629,1560.00,421.00,3.00,Clothing,Trousers,COD
B-25877,1137.00,568.00,2.00,Clothing,Trousers,EMI
B-25767,9.00,-9.00,2.00,Clothing,Kurti,COD
B-25735,15.00,-7.00,1.00,Clothing,Hankerchief,UPI
B-26097,14.00,5.00,1.00,Clothing,Hankerchief,UPI
B-26070,14.00,7.00,2.00,Clothing,Hankerchief,UPI
B-25752,8.00,-2.00,2.00,Clothing,Hankerchief,COD
B-25656,1389.00,680.00,7.00,Clothing,Saree,COD
B-25748,8.00,-1.00,2.00,Clothing,Leggings,COD
B-25758,8.00,-2.00,1.00,Clothing,Stole,COD
B-25950,13.00,4.00,1.00,Clothing,Leggings,UPI
B-25707,8.00,-6.00,1.00,Clothing,Stole,COD
B-25909,12.00,2.00,2.00,Clothing,Skirt,Credit Card
B-25955,1716.00,309.00,7.00,Electronics,Accessories,COD
B-26023,1117.00,447.00,10.00,Furniture,Bookcases,EMI
B-25655,9.00,-6.00,2.00,Clothing,Skirt,Credit Card
B-25686,332.00,503.00,3.00,Electronics,Printers,COD
B-25655,7.00,-4.00,3.00,Clothing,Hankerchief,COD
B-25601,8.00,-2.00,3.00,Clothing,Hankerchief,Credit Card
B-25862,2061.00,701.00,5.00,Furniture,Bookcases,UPI
B-25626,1103.00,276.00,3.00,Furniture,Chairs,EMI
B-25823,2103.00,322.00,8.00,Electronics,Electronic Games,UPI
B-25881,2115.00,23.00,5.00,Furniture,Chairs,COD
B-25910,850.00,-289.00,5.00,Electronics,Electronic Games,COD
B-25830,1063.00,64.00,7.00,Electronics,Phones,EMI
B-25978,1063.00,-175.00,4.00,Electronics,Electronic Games,EMI
B-25997,2292.00,127.00,7.00,Furniture,Bookcases,COD
B-25661,7.00,-1.00,2.00,Clothing,Hankerchief,Credit Card
B-25969,2452.00,191.00,7.00,Furniture,Bookcases,UPI
B-25858,2457.00,665.00,11.00,Electronics,Electronic Games,EMI
B-25697,4.00,-3.00,1.00,Clothing,Skirt,Credit Card
B-25798,2830.00,-1981.00,13.00,Furniture,Bookcases,EMI
B-25873,7.00,1.00,1.00,Clothing,Hankerchief,COD
B-25740,7.00,0.00,2.00,Clothing,Skirt,COD
B-25700,7.00,-3.00,2.00,Clothing,Hankerchief,COD
B-25757,3151.00,-35.00,7.00,Clothing,Trousers,EMI
B-25973,4141.00,1698.00,13.00,Electronics,Printers,COD
B-25698,7.00,-2.00,1.00,Clothing,Hankerchief,COD
B-25993,4363.00,305.00,5.00,Furniture,Tables,EMI
